UUID,TCGA_ID
94027f46-390c-4dda-ab89-cb1ac0a291cd,TCGA-BH-A18H
df45fb41-4511-4dab-b865-fcdfcda0400a,TCGA-E2-A14P
c33ecc28-d5ba-4416-b93d-445b7883b6e8,TCGA-AN-A04A
602e3d24-a45d-4fe4-9b70-a679d93f470d,TCGA-5L-AAT1
f8ff90c6-3554-4e19-ae56-18f30f51f9b5,TCGA-AQ-A0Y5
4c6cb929-293d-452e-b7f8-d535b48cf073,TCGA-A8-A07I
a8e0466b-d106-44b7-b846-c4fb666715f5,TCGA-E9-A1R4
eb44c266-8b8f-4012-ad67-f4ac40698391,TCGA-AC-A8OP
2dd0b954-db3e-402d-9c06-6160e199dedb,TCGA-AR-A24Q
5cc4350c-416e-4f2c-be73-12af68ad1ee4,TCGA-D8-A1XU
7c9a2493-5667-48ec-8998-81e13722b4ab,TCGA-AO-A03N
c2e73efe-8112-48fc-9dbd-29b4b5b89ad0,TCGA-A1-A0SN
28f1b708-bd3c-4ae7-935f-3282f75304a7,TCGA-D8-A1JP
2c1b1cbb-6e9f-4416-8faa-abb31d6b4e0e,TCGA-D8-A1XL
9da89066-8d82-4ace-80e1-889d3c73c8eb,TCGA-B6-A1KI
fb49b14e-d40f-4270-98b3-458ce60f2cde,TCGA-B6-A0IP
3f32cdec-5a60-4147-b313-7c9a9dfefc78,TCGA-B6-A0IM
36125e17-48fd-4eea-874c-ed2e2e218402,TCGA-A1-A0SB
6798cbfe-7aca-4f33-b4fc-162bf579a303,TCGA-A8-A08B
ecdac97e-eec5-4753-a572-8aff707178e5,TCGA-AN-A0FD
f2dda955-5a39-43c1-93a2-83953b2b91d1,TCGA-3C-AALJ
e7c2b898-cd11-42a1-b309-b4de1ab01965,TCGA-AC-A4ZE
3d05d072-d042-4c02-aaf6-ee2e589003d6,TCGA-AO-A124
bb06ad3a-4d73-4f88-8f3c-954dce2b38ef,TCGA-AR-A24M
c1f95e8e-aaaa-4090-8f64-c619aa543d1b,TCGA-E9-A22A
707fad7d-f284-456a-abfa-17289b40579f,TCGA-BH-A0BZ
3f3b6a7b-94f0-40a3-9f16-32bab2854678,TCGA-A8-A07F
db01aba1-3a00-4bf9-9f24-8fba144144f3,TCGA-B6-A0WT
f8efdeb0-a8f8-4e2d-a52e-43d033e4ce6f,TCGA-C8-A12Y
b47b2efb-02e1-4729-95ad-de05fb551bc7,TCGA-AN-A0FF
57730033-1db5-4e48-81ff-b6ee4f3c0ab4,TCGA-BH-A1F5
f7efa9c4-e7e2-406a-98e5-596f787c810e,TCGA-D8-A1Y2
08ccd8d6-3e9d-4ece-a421-98acaf272569,TCGA-BH-A0B6
92e7a9c0-ea88-419e-9afa-e7db5c8967b5,TCGA-A8-A093
c5d4a1ed-8fd3-4435-96f5-ea5e56326f20,TCGA-E2-A1B1
35120b68-e618-46a1-9641-1e635f633372,TCGA-AR-A255
4665ff5e-adb6-4b88-8a42-cb25c4fda0a0,TCGA-B6-A0WX
0394cdb2-85e8-4cea-b572-4cb4ed779774,TCGA-EW-A1J2
e0527b4b-de23-4b9f-8871-13f64f6976cd,TCGA-A1-A0SP
8d2f240f-43c3-4e0d-a6cc-79f6b174dace,TCGA-BH-A1F8
c62cda08-6134-47c6-8796-9da0788d9717,TCGA-AC-A3HN
e5bcd6f9-680e-4d57-81f3-c8e6b40bb2af,TCGA-B6-A0RT
2dc9eaca-6dfc-4e7f-a12b-1495986e1ad4,TCGA-A8-A08P
ff0feb3e-6d14-4297-ac23-1eb397663ec3,TCGA-BH-A0HN
99d31369-3db2-4631-bc62-1aa6927476ad,TCGA-BH-A0H0
828c9648-f725-4d7e-ad37-e33692e2c67f,TCGA-BH-A18T
0940092b-46da-4975-bde7-f205fe12707b,TCGA-BH-A0H9
cf4160bb-9ef4-43c1-ac83-f6ca897101ee,TCGA-E2-A14S
d05914c2-e76a-4050-b0bf-db3a08c1892e,TCGA-A7-A26G
01900aab-4c12-4198-b41f-ff638e5abe3b,TCGA-W8-A86G
b35a11fb-548c-4b6c-99e7-c4114be6411a,TCGA-B6-A0IH
dbb2f12c-e200-412a-9023-0126d6d69a52,TCGA-E2-A574
370e6381-c31a-475b-b2c7-2c5de9e2c8ec,TCGA-A1-A0SG
3ee530ee-274d-44de-9793-a75433ddf938,TCGA-AO-A0J9
6cbfdf8b-fd71-4b6a-b360-1573ee5241a1,TCGA-A2-A3KD
10376443-40df-451a-91e5-6be34850558c,TCGA-C8-A1HK
27c65ed6-9e9d-4a9d-9b6f-76d2a12f7699,TCGA-EW-A1P8
aad82145-5742-4ef6-9de3-2c57e84642fc,TCGA-BH-A0B4
a31cd337-8f1a-451d-9b90-b722590d3105,TCGA-AO-A03M
4abffa72-e45a-405a-b53b-73900d48253d,TCGA-EW-A424
a7428d3b-f84b-4c2f-a996-14a11af6b6df,TCGA-BH-A0BL
9935bf3a-de25-401c-bf1b-5225a62b24f7,TCGA-BH-A0GZ
8b5be676-9118-4038-9d54-6b80b14e43dc,TCGA-C8-A12Q
d1ad6c3b-4e2a-40cd-b3e6-098b845d59cb,TCGA-D8-A27I
1c3dbd2f-1c07-48cb-a844-0b1b3eb14e0d,TCGA-EW-A6S9
139b1f70-02f6-4f5e-84b3-81d3677b3f8c,TCGA-AR-A24H
73e13f2d-a557-47f2-85e2-7bb8e3a48ef9,TCGA-XX-A89A
c98940e5-aff4-4eec-9cd7-708584356a5f,TCGA-E9-A5UO
deb7967f-9339-4bb1-ae0b-81a72a472bba,TCGA-BH-A18G
c63e3277-327a-4259-84f2-13d9a2c2d68a,TCGA-E2-A1LB
4ac28e68-1f0c-4e95-bdb3-4afc7dcfc34c,TCGA-B6-A0IC
af83a9af-a11f-4c29-a61f-8f0d2b5868c1,TCGA-E2-A15S
10ce58cf-c9ee-4be2-899d-4c20c788effc,TCGA-GM-A3XG
b31c9e1c-be79-4264-81a3-40b67f1f0bde,TCGA-AR-A24S
06a03e45-7315-4a8d-9fef-d841a4a8043c,TCGA-Z7-A8R5
13295142-1853-417f-a798-60c41fd90166,TCGA-C8-A12X
68503654-dd77-48f1-abab-aca55258dca4,TCGA-A8-A07U
b8542fa9-5521-48bc-ae1b-4e12a1744e0d,TCGA-A2-A0EV
9fb65d01-d51d-4cbb-99f3-a09f5d6c206b,TCGA-C8-A12T
52df14ea-5feb-481a-855e-0a6176744a73,TCGA-A2-A0ER
619785ac-0041-4b26-a887-d8ca021eaab1,TCGA-A2-A0YI
231b4ae3-8543-47f4-a9f6-0ac26210b26d,TCGA-D8-A1XA
b25117ce-5a14-4b43-bbfe-513b957464d0,TCGA-A2-A0D2
f532a6be-de3e-420c-960a-23627589e7ad,TCGA-E2-A14N
2973fc8f-d20c-4cf3-b183-2ac32df73ae7,TCGA-A2-A04Y
fb9c23f2-8694-41ca-a126-a5a131abeac1,TCGA-D8-A1JA
a3624554-07c8-41d7-9b6b-f4cbf9de9301,TCGA-E9-A24A
ce76e826-0792-4dec-ace7-7efa3bb8db94,TCGA-PL-A8LY
0e8857f9-6f8b-46c5-a019-9c69bdc50525,TCGA-BH-A18I
fd71e0e9-e77a-465b-b118-b1f9665d5797,TCGA-AR-A5QM
ba295155-272e-43eb-9d6a-e4c9c392e68b,TCGA-D8-A1XO
3a6cc4be-eff8-4725-a416-46ed35316192,TCGA-A1-A0SO
d636f6ce-e820-4e8a-969f-c3ac2d46b191,TCGA-D8-A27E
40a4fc74-f345-4940-be5c-249013782e4f,TCGA-BH-A18N
948f1e9e-702b-4f42-a766-fb6b4976b14d,TCGA-A8-A06O
c07f871d-fea0-401a-b0c5-ec5685c311d7,TCGA-A2-A4S2
4152a167-7b5f-4415-81f8-b22732cc6ef7,TCGA-B6-A0RU
df6189e5-bd61-4be2-9d31-efef56cb4739,TCGA-A7-A26J
d078b2ae-790a-4220-98a0-18d311996ed5,TCGA-AC-A3TM
0c814cd9-5b2c-4764-9e6a-6ad0403fcd7d,TCGA-A7-A0DC
db5dab56-838e-4784-a7cf-f05296e356f7,TCGA-A7-A0DC
616b6b60-8c4a-4d85-9a24-f47df6ad497e,TCGA-A8-A08F
0a9e33db-2527-4cc3-8669-a7c10fed7a7f,TCGA-A7-A0CD
4ab26a32-f816-4aee-9130-12a0b3604db0,TCGA-A8-A09K
17efe3f1-a97a-4e26-b28a-98702fd3c42b,TCGA-AR-A2LR
93f26994-d3de-4c8a-bfde-86af8d85b01a,TCGA-GI-A2C8
92e64d91-88d8-4b1f-ab56-b593748b9f19,TCGA-B6-A1KC
0633890f-584c-43d9-aa3f-7a6555533dd8,TCGA-C8-A1HI
a3595c7e-948b-4d93-a623-477d7af84e15,TCGA-BH-A0C0
b773c30d-f37b-4aee-8330-a159d42d3019,TCGA-A8-A07G
2b67c3b5-330e-41e4-95cf-028d37fe91e1,TCGA-E9-A1R2
f0024165-4df2-454e-a0cb-17720455c0c9,TCGA-D8-A143
815b70e5-858d-416d-94aa-6749960883ce,TCGA-BH-A18L
f7c6320e-0c39-4b92-9a25-fd4e03b70362,TCGA-E2-A1LI
204cf188-2162-43ac-bad4-8304622f3090,TCGA-D8-A1XR
93f8d395-2512-41fc-992e-236b706dd281,TCGA-D8-A27R
ad502a9c-1f1a-4118-a8f9-2cffb9b0c610,TCGA-A2-A0SV
0f382cf1-3e52-4078-bf12-cc6ba998ed3f,TCGA-E9-A22G
4fb219d8-519a-4ce9-a3f1-28fae295424f,TCGA-OL-A6VQ
508e541e-c751-42cd-8f8c-a57a835daf1b,TCGA-A2-A4RW
754df69c-2fab-4037-8673-fd3be673fc09,TCGA-B6-A0WV
d769bce5-c92f-472f-8bb8-4bf4593e29d7,TCGA-LL-A9Q3
1a3dcc95-64bf-4886-9807-9511b24f30af,TCGA-AR-A2LM
834c833a-1e2d-48b6-87d5-e19bf2db6e1a,TCGA-A2-A0CO
f13d5df0-7293-4453-942f-2b49a3d33057,TCGA-BH-A0DI
6f72a3df-b4db-4f04-aa1f-644dca35d3ab,TCGA-PE-A5DC
dede0990-1733-4473-bc48-78605f16834c,TCGA-OL-A66K
8d3d544f-6d1a-4cdc-8091-490311487ebd,TCGA-AO-A128
ce52c9b2-ab83-4efa-8abf-97475dcf892d,TCGA-B6-A0RM
56bc1e6b-d1bf-4df9-b266-07ff567aad77,TCGA-GM-A2DF
5fc65e17-1d90-411d-b01d-f6aaa72730f9,TCGA-E2-A15L
ad44b37b-0bd2-4289-b03f-d52858da2d0f,TCGA-A8-A08S
bdba14fb-88aa-43b0-8c25-53948b9935b7,TCGA-A2-A3XT
04026251-0cf6-4889-83b4-8a46881470b5,TCGA-A8-A09C
c9496c77-cfbf-42db-a862-af0b878b9852,TCGA-A7-A26F
39a75bde-24a0-4d26-8377-df045423f786,TCGA-BH-A1FB
0ba03a16-3c4f-4118-91aa-53d4a7c00d38,TCGA-D8-A27G
2e41a573-7a9d-4f96-873f-48aa12b3ab96,TCGA-D8-A1Y3
36bbebb5-ba1e-4ac6-83b2-67ccd05e4939,TCGA-A2-A1G0
315f3deb-74b5-4b71-afe5-759c85a0a6cc,TCGA-A2-A0CQ
c5c93338-4046-4247-b5c2-ef133609797e,TCGA-BH-A0W7
c4eb8167-4c62-4a41-b9a7-f3259f945d9d,TCGA-C8-A278
713df9b5-ea25-464c-b13e-fe8b61fe363d,TCGA-A2-A0EQ
81395cc8-c7d5-4ea7-957a-b5cb8d6bfd1a,TCGA-E2-A1IN
18cbd510-bce2-4370-a00f-939d562ba7de,TCGA-A7-A6VX
c54b98cc-521e-4790-b67d-9dcc20af8c76,TCGA-A2-A1FW
49563aad-aeb3-4a9b-8849-a60c119cbaa4,TCGA-LD-A9QF
470b6305-67ca-487c-b9b1-9b74f673f9fd,TCGA-D8-A27K
c9c9c085-8e23-454c-aa36-cf59e8dbc587,TCGA-BH-A0BQ
3fab2674-2e00-4748-9d33-9e52631cebfd,TCGA-BH-A209
61ad862c-0bd2-4fcd-a9e1-f42e8099bd81,TCGA-A8-A09B
0af3ed73-d962-492c-9dc5-85247cd3de03,TCGA-AO-A1KS
45472a71-92d9-4492-9647-f1e8adb9cdea,TCGA-E2-A1IJ
d372fdcf-a087-4773-880a-169ecc0d1fd0,TCGA-D8-A1XC
a0707dab-b8bd-4a57-a890-69a3f4daacf6,TCGA-C8-A131
c102587f-0390-4dd5-8b35-d819e0083134,TCGA-A8-A0A9
b4e60c29-6c4d-49b4-878e-b91e20e17dad,TCGA-B6-A0RO
58b399a0-3070-44aa-9a40-f0e2c0fea0fc,TCGA-A7-A0CE
3574e83f-a983-425b-9082-63d5a32c01d6,TCGA-LL-A6FP
f09cc0c7-2896-479b-84db-401f14780092,TCGA-A8-A06U
a4455185-5506-4392-bd54-5f9cda2274d2,TCGA-A8-A09I
0361ec21-e83f-40a9-b825-d92487b1239a,TCGA-C8-A1HO
3572211c-0611-4d67-9e71-c5a8f704bd1f,TCGA-PL-A8LV
535047b2-35b4-4e31-8761-f38cf1f57441,TCGA-GM-A2DO
90950125-1b6b-499d-97e2-5d6b78b3e6fe,TCGA-AR-A0U0
511ced4c-a861-4f26-9e29-afcf8d603fab,TCGA-BH-A0BD
56cb5294-9156-4930-a3ab-c2607a79b65e,TCGA-BH-A0B1
8a27980e-a506-4cb3-91f2-3f0e5a19acfe,TCGA-A2-A0YM
b58811d7-8ee0-4b65-a892-17319cc9ecaf,TCGA-E2-A1IG
49e0a55e-cd18-438c-890a-f14c6d149743,TCGA-AR-A2LE
ea030b7d-26eb-4f0e-b7b9-c6b165061118,TCGA-BH-A0HA
7830107d-bc45-4391-b95c-787a246cf059,TCGA-AQ-A7U7
05ddce6e-57b0-4b78-9955-7c1b4c564498,TCGA-AC-A2FG
8668654e-c441-4279-80e3-345787c28922,TCGA-A2-A0CR
fdadb011-0da3-458f-8b4e-d09e4c847a5b,TCGA-BH-A0B0
b22d3e38-c370-4719-bea6-3dcbd9590935,TCGA-AO-A03O
06ae7b4d-2906-4a38-a4ef-1cc937716dcb,TCGA-BH-A0BM
08429604-2dc7-4827-8ba5-80818aa45a51,TCGA-AC-A2FF
7ee4348d-9975-42ba-b258-2334e089395c,TCGA-D8-A1JG
56f92378-3707-489e-b4bc-6f7485122484,TCGA-A8-A0A2
fff3f42f-5e42-4653-b91b-1676f914e9fa,TCGA-A7-A6VV
e7a1cdcf-ec99-44fd-a13b-604cf15b2bd4,TCGA-A8-A095
e558015e-969b-4354-9bc9-219a60092734,TCGA-A2-A25B
2e1410fb-4799-4a85-97e2-0d05c9255977,TCGA-BH-A1FE
8f08cee9-a91f-4305-bf8d-efeee9cd386c,TCGA-BH-A1FE
f9506da9-20a3-4124-a614-eb525787ea45,TCGA-A2-A3XX
7135f14b-e84f-4ebf-8d95-b2a3c843fd4d,TCGA-E2-A15T
d504a28c-f8e7-4c5e-b01a-23b4cdd1dd8a,TCGA-BH-A1EN
83834ecf-bc98-416a-98c0-824229e6cfe0,TCGA-A2-A0ET
3fd9c506-ed43-45db-bff4-6e968ac19564,TCGA-E2-A14V
68bb844b-1bd7-4828-97d0-e284a7998cbf,TCGA-E9-A1RI
fa94f266-1ed4-440a-8d10-3c72ce4100ba,TCGA-AR-A2LJ
aa3d8e3d-68cb-47dc-80c0-d50917cb4878,TCGA-A8-A083
ae8996bd-b0b7-4f9b-91fa-606f95d49f8c,TCGA-3C-AALK
05ebe1e0-bf0d-4622-bc45-b0eacffdebcc,TCGA-AC-A2FK
2ae456c7-57fa-4146-9b29-2d4129f0cf7c,TCGA-B6-A0WY
b85209a5-128a-4aff-83d4-1ab336d82b95,TCGA-A2-A0CV
0f3b932e-de72-483f-9ef6-74ae972637bd,TCGA-A2-A0EY
f5b6634d-5891-4550-bde6-7a0383e5e3da,TCGA-AR-A1AL
c8e8f4e7-7aae-41f7-9d36-5938d2c2fc04,TCGA-AN-A0XP
5782ee15-ce76-43d2-ba6c-e84284f4a99f,TCGA-A7-A4SF
f1600b0c-f3ac-4c19-8c43-6af450abb6a3,TCGA-EW-A1J5
fe15bb7d-6469-4778-9dc8-9e4c5877942c,TCGA-A8-A07R
05ea028e-6b8a-4352-88aa-057494cf5e80,TCGA-AN-A046
37d359b3-d8f5-44cf-8f30-57dfdbbab8c1,TCGA-E2-A15I
839aaefe-1755-4131-9b89-2610481a13c4,TCGA-LL-A740
f18a5a92-2b2e-4834-8610-df98760db5aa,TCGA-EW-A3E8
12d9d0ec-4e76-4eba-81b1-6dec7b6f2268,TCGA-BH-A1ES
952883cf-24c2-4ed7-bb96-3f736c15ae3d,TCGA-AC-A2BK
cb024f71-c708-498b-9196-2fe57acf3771,TCGA-E2-A1IF
444d0a78-82fe-4a80-9b41-d7daf98506ca,TCGA-C8-A26X
a6752916-4437-40a7-bc79-d21f52ad1f41,TCGA-E2-A15A
1e473e62-d679-45be-890c-77c52a3e7d47,TCGA-A7-A3RF
6a182962-93fc-482f-aa53-a14d7574763a,TCGA-E2-A1B5
866770c0-c4f1-4ed3-aa96-7ff4f7328323,TCGA-AC-A6IX
674907a1-381a-4952-924a-52e2adf5ad19,TCGA-BH-A0DT
507de54a-b4a5-4778-99fc-2f4f45c6daa0,TCGA-E2-A1B0
2ed88c3e-bf61-4e2f-b06c-0b93c9f9402e,TCGA-AO-A12A
960df455-dab8-4c59-9a99-579cdabe4d19,TCGA-E2-A10C
61348250-68d8-4cef-b6f9-68a68d35508f,TCGA-B6-A0RG
5e4626c1-dcf9-4781-a2e7-f6afca7e2ee7,TCGA-BH-A1EW
d681e327-7e74-4f6a-811f-e006470e568f,TCGA-AN-A04C
82d0130a-9bea-443b-bf46-32fe0a2ce84c,TCGA-A7-A0CG
75d91076-9d8a-415e-9ee6-00b877e55874,TCGA-4H-AAAK
e20191d9-fddf-47a3-9ff9-d4a36af7d762,TCGA-AN-A0FS
9b652843-9c30-4c21-8c39-ef9e21ec4ec6,TCGA-GM-A2DM
752ec80f-0c1d-4c66-9927-a32f2f9dfb2a,TCGA-E2-A153
a615ef14-a590-45b2-91c9-74a3cae19619,TCGA-E2-A1IK
d244c9fe-f289-417a-af42-85591ef4fdc6,TCGA-C8-A26Y
99296d22-e605-49cd-b37f-a1b900be5d53,TCGA-AQ-A04L
9ae5c03c-326d-4492-9cc3-4ba17beb09ad,TCGA-B6-A402
387e08dc-a77e-4dd7-939c-1e6f515e692d,TCGA-BH-A0E9
a2b214c2-a5d4-4ce6-b505-e1438027236d,TCGA-A8-A08C
8832d658-24d2-4d12-a025-959d5eed1271,TCGA-A2-A0YJ
d77c2ca5-196a-4426-84e4-0ffa4a3667ef,TCGA-A1-A0SM
8634f872-177a-481f-ba51-62864c569001,TCGA-A2-A25C
ed178c34-0b29-4f65-bdf5-a39969111ca8,TCGA-AN-A0AS
c93e78f6-1c35-4139-a6b4-c29c229c8b68,TCGA-BH-A0GY
bb7098ae-862b-488c-b67e-01ed682ec783,TCGA-AO-A03V
e7e4c883-af18-41bf-9383-e5b9f354bc8d,TCGA-OL-A5S0
876216c7-72a1-4b1e-bd2b-fcb125ca91ae,TCGA-BH-A0DE
23b39087-8003-4e5b-a1f8-b50b0919bcca,TCGA-AR-A1AN
071e21e7-a494-4d87-ab48-1cb334e0d992,TCGA-GM-A2DN
aae57dd0-eae8-48b0-855f-2cd17c9f524d,TCGA-C8-A12L
18e5bf73-efdd-4c75-957c-68a94f6cb396,TCGA-BH-A42V
d29744c4-3aa3-44b2-83fb-0e74ba697cd9,TCGA-E2-A15M
9bf53a64-2c24-4cf7-8419-f57b1936aa8c,TCGA-BH-A8G0
3c9c665e-9327-45f0-b412-224e8948deb2,TCGA-WT-AB44
c285a0ef-5076-4265-be61-98c064242718,TCGA-E9-A1RC
687d5cbd-0877-4e31-86d7-9fcb32a82f10,TCGA-E2-A9RU
0dacd83e-7fab-4064-a25c-c1de66be5305,TCGA-AR-A251
a7b067c9-a62a-4d3d-8c4e-668830f7441f,TCGA-A8-A082
ef2a6bd9-fe3b-4b67-942c-89f3a34813ad,TCGA-E9-A1R6
b4b81763-61bc-469b-a048-eba733193262,TCGA-B6-A401
381e687e-c27d-4794-981b-7c3c596a0246,TCGA-AR-A24X
baf9135d-d8dd-4e04-9115-4055b81fae05,TCGA-E2-A56Z
cafc9e36-c5f0-45df-ad03-16210ff0d870,TCGA-E9-A1R3
63afc197-8c49-4150-a98b-61c47f182778,TCGA-BH-A0DZ
c091a9db-8d3f-4dfb-8658-b6b8020c1d5c,TCGA-D8-A142
ee6709eb-718c-4a0e-8b57-3068e0e0fbaf,TCGA-A2-A04P
6e79eeb3-9eae-45f4-92a5-fba71c154c1a,TCGA-D8-A1XJ
f77281dc-f8c5-4da7-b151-873b03e986ad,TCGA-B6-A0RV
9dffcc09-6ccd-4f12-ae6a-1b8b93fcf29c,TCGA-E2-A1LA
db998871-01ff-4a39-ba06-fe3fb1183584,TCGA-E9-A229
3bbc2702-3fa1-455a-9c68-bf082850d9be,TCGA-D8-A1JT
04de1f79-fdfc-4662-bab2-a3ed667c7dea,TCGA-A2-A0CS
488d0d81-4872-4204-b8e8-745e64a35d65,TCGA-BH-A0C7
b707621f-1f89-4058-be18-33020b9ebec3,TCGA-AN-A0FW
d251e6b4-0c25-42ec-b090-daa81ee80a0e,TCGA-A7-A2KD
8bf23a6b-8ca6-4fcf-b4e9-a14c3a875526,TCGA-E2-A1LS
d474de4c-c01d-46f5-92a6-7513f7a38eed,TCGA-D8-A1XM
b0c13073-8725-4707-983c-506fe46205d7,TCGA-E9-A1RB
08814ce5-fdf0-4f06-aabd-bf7b2738cf43,TCGA-E9-A3X8
8643d0bc-0acb-4d6e-b6bd-5a997d2fc39d,TCGA-B6-A3ZX
3cd924c3-5000-49de-a253-92d1cfa9a09a,TCGA-AN-A0G0
1d6fed92-2d3c-46b6-8760-31bc1254cf65,TCGA-AR-A1AK
d1adf0be-5afe-4df7-8f88-dbf7521bcdac,TCGA-D8-A1JC
0c80ffec-6290-4b81-9dba-cb64d142b8a8,TCGA-A7-A5ZX
92b7faad-a817-4464-a074-9b64bf25fad5,TCGA-A8-A09M
4e3fbf45-1a73-437b-8d85-29aa0c8ac6b0,TCGA-D8-A1JI
2966096f-4a35-4dca-ab38-ac86074fa29e,TCGA-D8-A1J8
8ddd5f98-9ebc-488d-830c-817ebd796939,TCGA-GM-A4E0
bb10d315-6038-4513-aa41-d50f20295997,TCGA-E9-A22B
ca8b34fa-ab70-42c1-8e81-8b28ba1a8f3a,TCGA-A8-A08R
c63a27ff-1844-4b4f-9bc7-ac4d00dc0de8,TCGA-A2-A4S3
31c69703-e318-4e31-aae8-c6cfabe61bc3,TCGA-BH-A1FC
f4cecad7-2cca-4990-9d88-115b6b201cc5,TCGA-AR-A0TV
a12e5c24-f0ea-4770-9888-20e1c562e436,TCGA-A2-A0SW
9e563a6c-1c6f-4901-a1af-f1ef2d8da025,TCGA-C8-A133
b72689a1-2c14-49db-b489-f1627353a024,TCGA-A8-A094
2f05f114-9769-48e4-978c-6bfe1f2f372f,TCGA-B6-A2IU
cd23ba96-cc18-428d-ae3d-67a7a2dd3c91,TCGA-AQ-A04J
22c90647-bf63-49e1-972a-0ff9000b674b,TCGA-A7-A6VW
e90c1051-744f-46e5-bcec-f95d34f59e0a,TCGA-LL-A5YO
553e13f9-e00e-4b05-b934-c3837ad4d02d,TCGA-A8-A08A
c7e61a1c-fad6-4fc1-ba1a-49189d4fc0f1,TCGA-A8-A0A7
a191b96c-cc06-4a58-990b-57ee27335d5c,TCGA-EW-A1P0
5c66dcbd-024b-4a7b-b3aa-bbbaaf91ae78,TCGA-A2-A1FZ
07aa7c0a-ef47-495a-93be-b23a799d71d8,TCGA-A8-A09Z
f1060adb-bee8-41f6-8997-2926d8967f33,TCGA-E9-A3HO
f9a27067-7485-4c9f-986b-878aa6cd132c,TCGA-E2-A10B
74179e5e-2d3c-417e-8844-6740ea9fb2e5,TCGA-A8-A086
e4559121-091f-41f2-9559-2abb1bbfd229,TCGA-S3-A6ZF
86538c2f-7f41-4a9b-bea5-f6126772f322,TCGA-E2-A14O
8b629c3d-0f28-4740-b681-6f064354f794,TCGA-D8-A147
29789e2c-1555-46e0-8e17-8a252933d84d,TCGA-BH-A0HP
b87ce383-9333-420c-9184-62d9d1eadabc,TCGA-S3-AA15
92914efd-97af-48e2-b097-e91129f8c1b2,TCGA-A2-A0YE
e862a544-f553-47fa-ba8b-675e0ce7c5bd,TCGA-B6-A40B
d9a1fa44-0877-423f-9beb-55f3fc936f7b,TCGA-AO-A125
0d6fbefe-4e21-4762-a476-9c899d4a94b7,TCGA-C8-A12O
934807ee-e303-43b7-938a-1721c6c31584,TCGA-A2-A0D0
42cc31fb-3bc2-4d21-b821-2d05aca800e7,TCGA-BH-A42U
75f8fbbb-2015-47cb-94f1-eb88cdfaeae6,TCGA-BH-A0BA
5c0aa745-6bad-4f9c-901b-5f0a0277b12d,TCGA-A7-A13H
3d31d7a9-76b8-41f4-a037-0dfe6a4ecb0c,TCGA-A8-A08T
9918029c-763f-4458-b929-a4db95fd5e1a,TCGA-C8-A132
040e40de-4c19-423f-98dc-151e2633d085,TCGA-BH-A0E2
db70cd04-821e-43a7-bac1-815a30172be1,TCGA-C8-A1HM
97ec0a19-d386-48fc-842c-78488b0d41f3,TCGA-E2-A3DX
8229679f-179d-42b8-a9e7-7d733fe9969e,TCGA-AC-A3W6
54aca121-5b70-4833-84ac-c7506a57bd02,TCGA-B6-A0X4
1467bc96-cad8-4011-962e-d43e6c725f63,TCGA-AR-A2LK
11d450a3-4578-4444-8ddf-613b5868b683,TCGA-OL-A5DA
fb5f0118-87fb-409f-89d8-9bd9f06867b9,TCGA-OL-A66H
ede34eaa-699a-496a-a3d3-8ef57ddbdb43,TCGA-D8-A3Z5
cfe1c805-2211-419c-bf9a-e0c8b5020dce,TCGA-BH-A208
7acbca97-f38d-4da8-8d82-53a8eb0a43ef,TCGA-A7-A26H
df539d11-132f-4320-9365-14d529ae2186,TCGA-BH-A0C3
1075d95f-6d27-42e1-a67a-73d5247c8a68,TCGA-AC-A23H
4614147d-8f49-42b0-a43d-3ef88e6f0af4,TCGA-BH-A18S
33debcbe-cd9a-422d-8214-68606f68ac5a,TCGA-AO-A0JM
682169e0-f36b-430c-896f-c93668b4ce78,TCGA-BH-A1FM
1a112735-ff30-4c94-953f-444ccad2afe2,TCGA-B6-A0RP
e8909d26-a289-4dc7-a819-5883c621efac,TCGA-GM-A2DH
9d0f51bf-a66d-4ea1-8599-2aee772c165b,TCGA-B6-A0I9
ecf14d2a-e353-4674-9b3f-f0d11bcc9900,TCGA-A2-A0EN
1924888b-3b46-4079-a403-d758975a37bd,TCGA-A8-A08O
dc76c717-eaa0-49d7-a228-2fce7a536e42,TCGA-BH-A0B9
7289e7d5-65af-4d53-a4de-2691991d90d6,TCGA-C8-A273
3a264c56-869b-4572-89d5-12894386a0de,TCGA-AC-A3QP
de57eef8-932d-4e4f-a67d-835a87d72116,TCGA-B6-A0I1
bd5e632d-9a7d-454f-838e-10b76665a4d3,TCGA-EW-A1IW
bf2a1913-2806-4b97-bcc6-e7038b900e15,TCGA-D8-A1XF
5991af25-0b64-43d2-867a-6b9713b17af9,TCGA-A7-A13E
c2fe2d79-efb1-4e4d-a297-bd6b15703d10,TCGA-D8-A145
66116a4d-210d-45f8-8dba-3f8c79566ecc,TCGA-BH-A0HI
cae39998-47d3-4a80-8acb-67d3a9518306,TCGA-E2-A1B6
9f5a0552-a0a1-4aa7-a32d-7a1951889cdd,TCGA-A2-A0YK
b7c49a13-6b0f-411a-940e-b35c17818aaa,TCGA-A8-A07O
c7066edf-43fc-4bcf-bb63-ab75860d2410,TCGA-S3-AA0Z
7d2b6ff4-8f35-41cf-b078-3e78d0b81800,TCGA-LL-A8F5
5d96c14c-7c43-40a1-ba9a-b482a0ad00ee,TCGA-MS-A51U
697cb422-6fda-499a-b808-9ca2357b9b51,TCGA-S3-AA14
01f6286b-8422-4f16-bec3-871c86396790,TCGA-LL-A50Y
b6df0d7c-1c41-4b7d-8685-ce6fba4e7ab3,TCGA-LL-A6FQ
e682e28e-0611-4e92-899c-637fde17423d,TCGA-BH-A0AY
ea1ff936-0327-419f-b104-008511b8af5d,TCGA-AR-A1AP
2100a159-27a6-47f2-a2f2-58f5343e88b0,TCGA-A2-A0T0
099445c1-bd35-43ac-ab7e-9a8a9999c9a7,TCGA-AC-A3QQ
77e4a7c3-f2cd-4b5e-8c18-bfa3ce91cf56,TCGA-D8-A73U
4fa35f20-e26e-4bb0-811d-b307e3927904,TCGA-C8-A135
281a89c1-e817-49d4-afa1-2894c2747919,TCGA-B6-A0IG
ea16db3d-eb2a-44b3-bf22-258e583dbcf4,TCGA-BH-A0DQ
c36f7911-13d2-4230-a5f5-e9c562d763bc,TCGA-AQ-A54O
ec60e081-f075-4c72-b1e7-62e1f1429fc1,TCGA-BH-A5IZ
7d736f2b-b73e-4fc1-8d3f-9f350f88171a,TCGA-D8-A1XQ
d5066dc8-74bb-415a-84aa-9f74b61faa20,TCGA-D8-A3Z6
50108c12-718c-48fc-8f76-23ce0c13e2e6,TCGA-BH-A0DL
a740aa2d-a410-443f-99f4-3a123deb2f41,TCGA-AO-A1KP
a78e7939-a1ea-4b9d-ae55-3c1dc985bbd8,TCGA-A2-A25E
8cf6a0f3-9dfb-41f5-b855-c313c583e707,TCGA-BH-A0BR
cfba3fd3-4d84-46e6-9c12-8bf8481b35aa,TCGA-AR-A1AO
f988afae-48f8-4ecc-bb84-87924b454bf0,TCGA-A8-A0A1
7d746ed3-9bfa-4f66-9c5a-594284ecd811,TCGA-AN-A0FT
d0ee5ff7-a49a-4633-93a6-40c9e29fb0b7,TCGA-E9-A1RH
412b96f4-4463-49ab-aee6-78b3859e7b70,TCGA-AR-A2LQ
20658f84-7e36-440f-9e88-08eab304813b,TCGA-AR-A1AI
7647345c-1654-490f-9a18-b43005225bce,TCGA-C8-A12N
171e095d-2236-43c8-9670-23608e6cc8ab,TCGA-E9-A1N9
0631de29-6e9a-4928-ab8a-c76bd44dbd45,TCGA-D8-A4Z1
b1d64529-4f34-4644-b0e7-20606827ccd4,TCGA-AO-A1KR
0b59b278-d2f6-4aa6-bf6d-b8d743ae83af,TCGA-AC-A6IW
a32190c5-a193-4e90-ac98-38a600bb10f0,TCGA-OL-A5RU
a5e348aa-d0fd-40fb-a171-b51a36e53612,TCGA-BH-A0DS
94367ad2-de29-4beb-8dab-f79174894cd2,TCGA-PL-A8LX
5cb07e9d-28b8-41bf-bbb5-b8b56cc12cdc,TCGA-AC-A3EH
5e36c4a2-fc6b-418f-80ab-dbd95b26a39e,TCGA-E9-A295
c58a5583-7b04-4b67-9372-e161e18d7de1,TCGA-C8-A26W
32c15b29-da14-4eb5-8c86-39efc94319df,TCGA-B6-A40C
c568f4a0-601e-4b45-b69e-cde40d94bb3d,TCGA-A2-A0EU
51538db5-edf3-40bc-ae5e-dc9b552e8b53,TCGA-AQ-A1H3
195d8bd4-352c-4407-9319-797d915c72b8,TCGA-BH-A0BC
daff3e2d-69ea-4c1d-bbad-8f6cca9bdc1f,TCGA-B6-A0I2
4d7842e5-9d8b-433a-a768-7a40129bdd0d,TCGA-A8-A08L
8c147a31-a1be-4464-9606-12b14fbdf8d3,TCGA-A1-A0SF
f4847715-a3e0-49a4-bcc9-95175d0be463,TCGA-AO-A03R
9de4575c-0d10-4548-8881-fd4a5a46a5ac,TCGA-AN-A0FV
ad8c55ae-46df-43cd-8cb5-c049e3019959,TCGA-AR-A24N
7fa3f262-b786-4b89-b38f-505bff13c382,TCGA-AN-A0FK
3823e741-c29c-431e-9397-4d16a30ec473,TCGA-E2-A14Q
ca823082-ede5-4bfd-8498-7e492f39bcd6,TCGA-A2-A0EM
e614fbb4-7574-4704-9525-c0aea4c10fc6,TCGA-AO-A12D
6733afa1-b0b8-440e-b54c-98e5fdec854c,TCGA-LQ-A4E4
8bfd50fb-d6d8-44cd-a492-1e0a983e40b6,TCGA-BH-A0H5
d12c28eb-32c5-4523-af42-9ad130014a40,TCGA-D8-A27T
99f6995f-acee-4d0d-889f-91b0631d15fe,TCGA-D8-A1JN
0ef46de9-c9e7-42f0-92bf-c17dc2ede102,TCGA-A2-A1G6
ca05380c-ec64-451e-9834-9a5996017749,TCGA-EW-A1J3
3aedd29b-c089-4319-a7cb-61411a737e92,TCGA-GM-A3NY
5cbf0ea7-4f5e-4dd7-a93e-8eb12a22d4e6,TCGA-EW-A423
5e50611e-9e98-480c-bc47-28070e9edeea,TCGA-A2-A0CY
d32c4662-2b0b-4f78-b031-e6ff5286664c,TCGA-E2-A10A
eb805bd1-e1d5-47b1-8bbd-31f91fcee225,TCGA-A2-A1G1
39eaa466-f50c-402e-b127-b6b016d0480d,TCGA-A8-A075
bcc561a3-5de8-4341-a5a6-13e19214b2b7,TCGA-JL-A3YX
1bc678a3-1850-4ab6-874b-d68992fddc7b,TCGA-BH-A0HW
24edd191-20a1-4887-951a-3f0a753d43f8,TCGA-BH-A0WA
0cf58c62-a75d-413b-8ce3-4d90f4688b04,TCGA-D8-A1JB
32fdc0ce-d263-4622-8f8c-3df009bf2535,TCGA-BH-A0AV
663797a8-ffd2-48a2-a5f6-992b5eb3c745,TCGA-BH-A1EX
857c31be-44ec-42bc-ba2c-5f17ac1d9a8c,TCGA-A2-A4S0
33527fe8-7215-45bd-8520-b290995b839d,TCGA-OL-A5RZ
bf121f27-c765-4f64-8a9f-73c30427217b,TCGA-UU-A93S
1bd6dff8-ad21-4a45-b496-2d52ba995e5e,TCGA-OL-A5RX
2553a422-8136-4fb9-95af-3ffafff2d223,TCGA-BH-A6R9
9dd14de1-13c3-4586-8aad-1f3b0cb63de7,TCGA-BH-A1EO
8923da54-2f7c-4315-9fc2-a1d6502df55b,TCGA-A2-A0T7
273bc6c8-f5a9-44df-a707-5274fcba8362,TCGA-D8-A141
b29eda98-8a40-4c9f-ab41-7d6eded84d50,TCGA-AO-A0JG
01ae5613-1c58-4d02-8fd3-47d35d71c22d,TCGA-AO-A12G
7c3fbd41-7360-49e2-9c5e-9570dd24fcac,TCGA-AQ-A54N
eee9bac6-9fb4-4b3a-8b97-cebac861a00b,TCGA-A2-A0CK
06ce7b93-1264-4219-8a2f-d8f0d295e45f,TCGA-B6-A0X7
47e6db9a-52b4-4a3b-8c5f-1cb8fa48f7ea,TCGA-D8-A13Z
23b6c182-bb01-403a-9844-560518d059ac,TCGA-E2-A1L9
45312cc1-6a70-441f-9711-85dcc224bb98,TCGA-A2-A4RY
47750d31-987c-48bc-b5a2-4872eecb0ed0,TCGA-BH-A8FY
4387a2a8-5011-44c4-8027-61d5ab3792a0,TCGA-AR-A0TQ
e843a939-f1a2-4e98-87b5-69abef893a51,TCGA-A7-A13E
d27304e0-1b0b-4fc3-8e0d-af2c305d30f8,TCGA-A7-A13E
5dc7afc5-90d0-4286-a6f9-c2548f930e35,TCGA-A8-A07P
e97a2bf2-c5bd-4dbf-9940-450a8a99e9df,TCGA-BH-A0DH
d5926b71-692e-4b6f-a7e1-8b5afdd745c6,TCGA-AC-A8OR
5a3c544e-069c-4d6b-b7b7-0f41ff71dee2,TCGA-A8-A09W
05b55f88-290a-4abd-bbc3-44561ba1f8b7,TCGA-AN-A0XL
4e01a01d-eded-4d02-b8aa-1920c6997726,TCGA-AO-A12F
80982d2d-ce35-4251-a545-391c0d6295d8,TCGA-E2-A570
222dd9b5-4187-45b9-8cb1-fd16ba14425b,TCGA-C8-A275
7db191ab-6106-4e39-a45e-8a68aaba0922,TCGA-A2-A1FV
fac3e41a-3b98-4293-855f-d23cb01522d0,TCGA-OK-A5Q2
c6683fc6-49f4-4e53-94ac-251799c2c638,TCGA-AR-A0TU
d24c2f4f-5623-4d8e-99e6-96b4fee2591c,TCGA-D8-A1X7
ad930bd1-0026-4f83-92e2-23170c1965aa,TCGA-D8-A1Y0
f6c907ac-5dc9-4bdc-b7c6-3bac9f9059d3,TCGA-E2-A14T
29ce926f-d72e-4064-8a7f-359d86cb9d11,TCGA-E9-A22D
3d1bf8fc-c86b-436e-ab0c-3734af129b09,TCGA-EW-A1OZ
677a334e-f2cb-455f-bf50-05e23cb2a7ec,TCGA-A7-A3J1
61d00f8c-f198-4181-82bd-99b063dfffc6,TCGA-PL-A8LZ
ef54e4a6-4447-425f-be33-e428e5838daa,TCGA-E2-A10F
17dfa221-f092-45ed-a2e4-5798ddfc0ce9,TCGA-B6-A0RS
89c5f174-7db7-426d-9530-41e08a8ef603,TCGA-AO-A0J7
0e2d6467-d90b-40dc-813c-fa4f8a0f4d07,TCGA-AN-A0AJ
bc4ac436-ed5f-4774-867d-a6bdd7e14486,TCGA-C8-A3M7
e26295fd-369b-4cf0-98f3-939293cbe6e4,TCGA-OL-A66J
f3c13192-fe4d-45c5-9d12-5294799bd7f8,TCGA-AN-A0XS
f602fb69-df50-4b19-8e14-c1979a120119,TCGA-A8-A09N
4c915c9f-4e60-48d4-a4c5-7d055940b65f,TCGA-EW-A6SC
23f366c0-41f3-4159-86f0-5fa3d0059761,TCGA-AR-A1AU
d33cdca5-78ec-4d34-be08-51efd97e8bfb,TCGA-C8-A1HJ
16bd1ebb-5bf9-4839-99bd-5a4d3dcad7b8,TCGA-A8-A09D
783adea2-f11b-46ca-9cdc-f06823db5afc,TCGA-C8-A1HL
9907c264-961c-46b4-94a8-bf7e234621d8,TCGA-A2-A0T5
d5a1a331-cd5b-448f-adf6-ea393565ef26,TCGA-BH-A0AU
ca34cd1c-026e-4641-a9dd-ac1a9b4f243b,TCGA-AO-A0JE
66941b24-9c8f-4657-a4eb-8cc267e38bdc,TCGA-A2-A0CT
f337af94-788c-4de9-ab62-8627dc88695d,TCGA-LD-A66U
4fc53009-8904-4336-852b-ee2aea40f5e2,TCGA-LD-A74U
9dffaff8-a482-4940-b53a-527e5a510740,TCGA-A8-A09G
f4d60a0f-dc11-4005-8d59-7511ba4de8b1,TCGA-E9-A1RD
8fff7b55-a9c5-4179-a86a-80bff4fed1b0,TCGA-EW-A1IY
7e48e080-0ec9-4589-ba1d-6f7a1f60a010,TCGA-E2-A14X
83f93d3f-d038-4773-a671-0f218f53821c,TCGA-BH-A1EV
6db579c1-ef18-42a1-9921-d0456b90ff6f,TCGA-E9-A245
420197bd-db07-4df9-8f72-3d7d509ae1d0,TCGA-B6-A0RI
cf86835f-2bd2-4b15-a9a9-66fe369a560d,TCGA-A8-A079
a20bcc86-fe98-42a9-93ad-9027181dad5f,TCGA-S3-AA17
b793fa3a-f197-409f-b630-2dcba3290cce,TCGA-AN-A049
be813beb-9b35-4063-9d61-9f49a7fd7706,TCGA-AQ-A04H
fe379cd5-d51b-44b3-9adf-49e2cc3b0bf5,TCGA-AC-A3W5
39e27085-909a-436b-b8e9-624c16303208,TCGA-E9-A2JS
046c3754-b22c-4bce-93c7-29b9da173d33,TCGA-A2-A0CW
4937e136-52e6-4c33-9f53-36ce2a94c09e,TCGA-AN-A04D
db360c44-bf72-41f4-8ca4-01c9973fce95,TCGA-E9-A227
8319b13e-475e-440f-855a-bdba3036db73,TCGA-A2-A3XU
62298f43-7f8b-430e-9a23-0ee0ffbc1162,TCGA-E9-A54X
9d2a209e-f610-4bde-8265-ef7e7e7ac0c4,TCGA-AN-A0XT
1ec0a33c-5b2e-4078-8226-48026f7d5c82,TCGA-D8-A1JM
ba6e6579-8858-467a-9d0b-b8df38cd5d62,TCGA-AO-A0JB
d1d3d623-2de6-4d6f-b2a3-a50758f46b64,TCGA-AC-A2B8
0b36289c-6835-414d-9f86-4cc4a812af87,TCGA-A2-A0T3
c8c4129c-48ca-4df9-9ef8-bab2a794ebbf,TCGA-GM-A2DB
c9dffad1-99e8-40b8-8954-1e50b98a1a55,TCGA-BH-A1EY
b3d432d6-0b86-4407-98e2-99c1971283a8,TCGA-A2-A0YC
9053485e-19f7-4d2b-b4b6-361d908cc708,TCGA-BH-A0W4
22e623b3-2c82-4283-bd28-2cf1777b0179,TCGA-AN-A0XU
cff71f50-9056-40dd-b358-0de3e079cad0,TCGA-AR-A5QN
d7dc889e-649a-46e1-98ae-d4708c26930b,TCGA-JL-A3YW
2db5e0aa-342e-4766-8725-c1d677fd52b2,TCGA-BH-A204
49ec7f30-d687-4124-a3aa-17bffb48ce26,TCGA-AN-A0AT
5cf049e5-d45c-4601-8f67-1fdc0b1918a9,TCGA-A2-A0D1
343a3d35-e60e-4326-bbf8-2bf722c22ccc,TCGA-E2-A15E
9ba7cd75-a96c-4220-9f57-c9f0fb545a95,TCGA-B6-A0RE
30a67cbd-940c-40c4-9f86-a8ba9fe63177,TCGA-GM-A3XN
7733c059-09bd-40b4-9812-4bedd68d9d01,TCGA-AO-A0JC
fc70931f-4a97-4538-b055-8ed988ab601c,TCGA-BH-A0DX
3099b2a6-0d46-4404-88b0-a3689b019c38,TCGA-A8-A09Q
95305dba-073f-40d7-aa20-66553b41bdf7,TCGA-A2-A0YD
6ddc13fe-e8e0-4fb1-88df-c068fe87b5cb,TCGA-E9-A1N3
23dace7d-4200-46ee-8501-96c4b5084851,TCGA-A8-A0A4
691c297b-b48d-4e65-84d4-cb4fcdf03fc0,TCGA-B6-A0I6
ea43014e-5b51-4b3c-b16b-6d58df9f4a1d,TCGA-A2-A3XY
1100a85c-823d-417b-a764-9282ec8593a5,TCGA-EW-A1P3
cfbfbac5-7f44-4537-9a1c-088075a936e6,TCGA-AR-A24L
df6af593-6a85-4f5f-8dbe-c32df5a85ef6,TCGA-S3-AA10
00a26384-1b1c-4db4-9664-75fb9b3febdb,TCGA-OL-A5RV
b05af4cd-19e2-4752-ad71-c36b886f4507,TCGA-A7-A4SA
0c087071-89ba-4fc8-ab47-c4f1c60fa24c,TCGA-E2-A14R
ae4a5866-347f-4850-b4c8-a009d0765021,TCGA-OL-A66O
3f91fef1-b62c-4884-a882-c99bb6ca9613,TCGA-A8-A06Y
1d65448f-dcba-432b-98d5-f7e87de4f9f6,TCGA-BH-A0EA
2485ee80-8de4-4f98-b4f9-7c012bb29f6c,TCGA-AO-A1KT
694ca3d8-9748-4c0f-9021-d599d81a325e,TCGA-A2-A0ST
e590db5d-2577-43ec-9d39-45a257be5562,TCGA-B6-A0IB
0a133c47-fae8-4e3b-8f4d-cbf357f5e2fc,TCGA-A1-A0SI
465928c5-ab56-46ff-acb5-76e36c97ebda,TCGA-D8-A27F
41bdc474-8e6e-4f39-98ec-6d73ee41837c,TCGA-BH-A0B3
b9e82597-fdf2-4479-a764-29193ddbd58f,TCGA-AN-A0XO
b73f749f-eafa-460d-b921-f12e7f8d6609,TCGA-A2-A3XV
3621ce2e-a1eb-4a45-ac06-779a780b0b99,TCGA-AR-A24Z
bce4dcd7-d9e8-408a-8ab0-f993f9297a68,TCGA-B6-A0I5
78142fe5-7a8a-49dd-87b5-6a1e6427893e,TCGA-S3-A6ZG
1be6a56c-a7b1-45e5-b96c-db20337073b8,TCGA-3C-AALI
187f14ba-0002-4f99-9eb1-af93cbfdd4c2,TCGA-BH-A1EU
d4bca8f9-f63e-43bb-ab6b-7529a86afac5,TCGA-AR-A1AW
99df3cc9-683b-449b-bcf4-94bbff09c90e,TCGA-BH-A18P
b3ea108e-0ab7-4340-9da9-b7a8bc3b942c,TCGA-AN-A0FJ
b44d9209-0e37-4ffe-9c27-a969a421b3ab,TCGA-BH-A0DO
d89a84a4-4f45-4aab-ab6a-131bf3b359bd,TCGA-E9-A243
4ba90a73-b2e0-415b-9cd2-fad805840aff,TCGA-E2-A159
74d50556-5de8-4eff-82e6-a3ad9c70020a,TCGA-A8-A08Z
e6bad6ec-c178-4684-99e8-2504781a022b,TCGA-A7-A26E
de01516e-43f0-4f96-8ac6-ab543a314829,TCGA-A7-A26E
02bbe1b1-44ff-426b-a40e-47a01bc4cf7d,TCGA-EW-A3U0
30285113-d411-475a-a8ed-1fb66be72f28,TCGA-E9-A226
af58b506-df1d-4221-964d-76dbade6ab85,TCGA-AR-A0TY
d38b6aba-7bfd-43f0-98f7-f669323e6da1,TCGA-A7-A3J0
e06580e9-0b4a-48f7-9522-d54229aefb2d,TCGA-A8-A07W
cf122ae0-0be8-43dd-a0b9-01fff585186f,TCGA-BH-A0BO
5bd46a5d-2390-421c-a7aa-90ba77fed60d,TCGA-AR-A24R
be880db8-920f-4bd8-9f67-34e3ddd61f2c,TCGA-AO-A03L
c024ea4d-8f0e-4fba-b793-5d2e767744db,TCGA-HN-A2NL
2d4c2aed-34ae-4232-9b42-29b1a821f791,TCGA-LL-A73Z
458ad47a-9fbc-4508-8ff5-5a8e5c71ae6a,TCGA-AN-A0AL
a2744918-6659-412c-a5e3-a02b9712890e,TCGA-AR-A24O
b2868132-6476-4eec-9032-2a668d894baa,TCGA-B6-A0I8
2639c1a0-fcae-4abd-aff7-9a8988a26c3c,TCGA-AC-A62Y
341e11ea-c1b6-4d66-999c-76ebb9c8b342,TCGA-AO-A03U
34a0c8c5-8086-4f33-9ecb-7518035a4a7f,TCGA-A2-A0T6
b4a9422c-ed5b-435f-aa13-e8a8f2484e97,TCGA-B6-A0WZ
acb1bf8e-f597-4f67-b19d-bb737109d9cd,TCGA-E2-A15E
acb208ab-def4-4b55-b1c7-abe2130e61c9,TCGA-E2-A1LL
ac792e04-54f4-4c6c-9cb5-23a7c1a4ed0b,TCGA-AC-A7VC
5b6b8058-474f-4a6a-84c6-0eab99e3b2d3,TCGA-LL-A7SZ
b656d5d9-3bd0-4d76-b7ad-6440cc706048,TCGA-S3-AA12
4ee78309-dea3-486f-95a8-ca283a1b70d9,TCGA-BH-AB28
1c9253df-acb7-492c-aaa8-7718fc778f13,TCGA-AC-A3BB
04ed1bfb-533f-4d97-a7e4-3e7bab103485,TCGA-AN-A0FY
4a88d54f-c88c-4ffd-84c9-069b53f2cb28,TCGA-E2-A1IE
fc5b682e-c00d-4840-8c11-f17abe059fa8,TCGA-B6-A0RN
05e15869-61fd-420f-b0e4-a2faaa814aca,TCGA-A2-A3KC
1cb7f73e-af63-4d6a-b6a1-fe289435a93f,TCGA-D8-A1XG
2b5864c9-7577-4e93-8d22-1f45a98267f1,TCGA-BH-A0E0
96668a75-e21b-482f-b699-0b5282909a9a,TCGA-BH-A0B7
c24618ee-27b7-4760-99d1-fa9b338f05c4,TCGA-BH-A18U
768e0380-9183-4600-849b-0d315ba502fc,TCGA-AR-A1AJ
0f669396-2dc4-4305-aa35-c6fbd82ee7df,TCGA-E9-A1RE
b321a3f5-043d-42c6-8c9d-5784d45cb85c,TCGA-E2-A14U
6542e1dd-afee-40e9-a16e-aa9a448963b3,TCGA-A1-A0SJ
ed1fa4ae-5e58-465c-b106-379f7456656e,TCGA-A8-A076
7de22a44-8f58-4a73-90a3-a16d161160e8,TCGA-BH-A0BT
79f139fe-fecb-4b0e-b668-3407c13748d8,TCGA-AC-A3YI
f3eb5b26-5414-454f-a01f-a282b0369596,TCGA-E9-A244
e4e983eb-2aa3-4858-b67f-9cc70452768c,TCGA-E9-A248
493a8b0a-11ea-4f37-8149-3825aaa04fe4,TCGA-EW-A1P4
594263d2-e787-4e14-a2de-8f57727de001,TCGA-BH-A0BG
ff93cbad-7bdf-4e5d-81c7-95aacaa3bee9,TCGA-B6-A409
a37d7ef3-0840-4114-acec-ce9e29bb54e9,TCGA-AR-A0TT
8f4d89ea-3207-4fa7-9898-9b78cb971577,TCGA-A7-A0D9
6e8eeaae-cc26-4db8-85f6-5c975b06bf45,TCGA-E9-A22H
b5e84055-487f-467a-9bc4-bd59ec82f183,TCGA-BH-A1FL
2429f1fd-8612-4944-a405-296a52daec57,TCGA-B6-A0IN
24747d11-c715-48f3-821b-f6dbd6a890fb,TCGA-E2-A15K
216e4f8a-be1a-41d6-b413-fa4645423caa,TCGA-A2-A0SX
d78126ec-68b1-4d77-bf7a-19a47678a5fb,TCGA-A2-A0CZ
5020cd67-6bd9-420c-bc6a-1cc8f2f78bde,TCGA-A2-A04N
914508e1-ccc8-47ff-a225-7aca326a54dd,TCGA-E2-A15P
fcc2a5c0-ec23-43b5-b616-9b03c8ff4129,TCGA-D8-A1XT
85caaa0e-2811-46d2-b934-d9f9f006afc6,TCGA-E2-A14Y
57d2c12f-e3ae-457b-b92c-22002aecdba0,TCGA-AR-A250
7faebca5-c36a-4a24-b785-5e673cf5a0ed,TCGA-A2-A04V
35da5f48-1c64-488b-8330-01e5fcbd9801,TCGA-B6-A0RL
bc1ed706-3abf-407c-9133-18169a4cf0e2,TCGA-A2-A0EW
ed9b3b6b-c2c2-41a2-ac61-dd2cfbb321ba,TCGA-E2-A15H
a37efe02-9662-4b90-8251-003ccb96aed4,TCGA-C8-A8HP
97a50d88-e662-43d5-9cef-2915545e8968,TCGA-AC-A7VB
ba2e1bd2-56f5-4dfb-94b5-92c50c58b31e,TCGA-AR-A24P
a852a227-c31f-410f-baee-81135917a7d2,TCGA-AR-A256
3719879b-e7b9-42b4-974c-f69735086cad,TCGA-A7-A426
4331397f-eaf9-4e43-8fa2-e30ad3643aca,TCGA-D8-A1J9
d1f1743c-5fd9-4ae8-90c2-8c3e2d475d1b,TCGA-EW-A2FS
144d0f39-feff-4dcd-a07d-abcc400e901f,TCGA-BH-A0B8
28f3a34c-f73a-4d10-8c0a-23e578866289,TCGA-BH-A0E7
45f837c9-6b9e-4eed-ba56-9715b4a0356d,TCGA-BH-A0BJ
631a9df0-9d81-4b15-9ee6-3ae9f31dcba6,TCGA-AO-A0JL
5b875575-24fd-40c1-910c-38775c73004e,TCGA-AC-A5XS
fd98106a-a2c6-4f23-86f5-66436c2501e5,TCGA-BH-A0DD
9c20991b-fb37-4984-8b57-2c1fa8112d1a,TCGA-AC-A2QJ
1a3e846b-4c7f-4aac-8c26-bb5e25f226ae,TCGA-AO-A03T
bf67d13e-231c-4cb7-8381-fb19c4fe90ed,TCGA-LD-A7W6
1cc7480c-76e1-42d1-8593-49b356ef624e,TCGA-AR-A1AV
fead73ce-2e66-4647-8b6c-b8bbdaaf30fe,TCGA-D8-A27H
6365a756-2e65-42cb-be4f-1f726915ca94,TCGA-OL-A6VR
f48956a3-c821-429f-b1ad-a27133d739bd,TCGA-BH-A18Q
9634f770-bc93-4dfa-949c-98a6da30a102,TCGA-B6-A0IO
0a72c39e-889a-4990-bf96-6c7b9b8c1124,TCGA-C8-A1HF
40a31ab3-71fa-4f7b-a3b1-22e15ff0f358,TCGA-A1-A0SQ
1008e8d8-a93c-4779-80b6-1272322e7c52,TCGA-C8-A137
98f3d2d7-edc4-40aa-b09a-63f8abd2b528,TCGA-B6-A0IJ
6e209f42-3c0f-4f05-83d7-c982448ccb87,TCGA-AO-A12E
0a430a9a-7e63-41d6-8cd0-1dda1e1df975,TCGA-D8-A1XZ
b3861080-a052-4432-82f8-193122ab29d4,TCGA-A7-A13F
723ed50c-2c78-4a3a-9f6e-9f9e8e264f6b,TCGA-E2-A15J
46cdbe65-5610-4903-9452-518fd6d5787d,TCGA-BH-A1F0
9c706e45-00da-42cd-933f-1f42f0b6942e,TCGA-BH-A0H7
fd2f42a3-d79c-466b-98c2-5f4d0a4a64e9,TCGA-A8-A0AB
36998e69-e955-49da-b859-2092caff19cb,TCGA-A8-A06Z
f58dd06b-ab52-42e5-8603-cde9c4eb7fed,TCGA-BH-A8FZ
1044dff3-e077-4086-8d78-e3c125ec0c84,TCGA-E2-A1LK
c469b31e-857a-4ac6-9a45-978c99391d9d,TCGA-LL-A5YL
4d54d278-9d82-4681-9b6a-247e79a9a83e,TCGA-B6-A0X0
a17d056c-59ee-4c93-9357-19d57f108144,TCGA-BH-A18K
a90d3b2d-38f9-455c-88cd-73d5b3729491,TCGA-BH-A0AZ
a95ecb1b-9dd9-4916-9b73-b967278f3d85,TCGA-A7-A5ZW
0c311d42-5038-4408-ac4a-5ffbb02817e4,TCGA-LL-A6FR
80afd34a-fc20-46be-85c5-088951628194,TCGA-A7-A3IZ
8f51e90d-f617-4ed2-bbc7-7bcd92d1963d,TCGA-AN-A0FX
62aa3903-4f3b-4693-b5e5-fc5abce184de,TCGA-D8-A1JD
54022a08-1016-45a7-ac33-5a40b4b5e6b3,TCGA-A2-A3Y0
b1366128-6ab0-4205-ae2b-a854e8ad45bf,TCGA-E2-A15K
5a3d1b74-f904-44ef-94a0-b38291e30be6,TCGA-BH-A0HF
d7eb3fb0-7bfe-4f69-b298-41dde09902e6,TCGA-BH-A1FH
d76cd13a-0481-442a-bfe6-ad322fc3851a,TCGA-B6-A0X1
4e75f67b-99df-4ad5-a2ca-1877a3d45655,TCGA-D8-A13Y
b161c26d-64b1-4e03-94da-4f9b9de25e88,TCGA-GI-A2C9
698e64da-61aa-4d7b-9f33-21d627cb4721,TCGA-B6-A0WS
b0a1f575-657f-4277-95dd-0e02e77279fe,TCGA-LD-A7W5
f79d6a7e-eaaa-4382-a5ed-600cf8d45824,TCGA-E9-A22E
d8edd309-518d-4358-8245-9e92d7af4441,TCGA-E9-A1NG
abb411d3-1474-4e6e-afa9-23b974d9a557,TCGA-EW-A1P5
19afe60a-30a2-45f6-b4fb-de935154027c,TCGA-EW-A1OY
e22c6b51-c27e-468f-883c-f71918330eb0,TCGA-AC-A6NO
a5ecc76e-a696-4e90-8bb4-7a9965e2f8a8,TCGA-D8-A1JK
ca701a41-b397-48b7-bad4-09ef8b4eb462,TCGA-C8-A130
93cc1307-7138-4547-a9a2-8a5398815c01,TCGA-AO-A0J2
22c2b380-799e-4fad-ae38-46a916c592d5,TCGA-E2-A1IU
d0d2b8fc-6915-49fe-ae4a-f80e2d090cf5,TCGA-A7-A0CJ
cbf0063b-68e5-42ee-9292-dfbf918a7b08,TCGA-BH-A1FG
98447eef-e5af-4bfa-a215-7a1edd601c46,TCGA-LL-A440
defae193-bf7c-417c-b68a-57963eb454ef,TCGA-AC-A8OS
88d14d8e-cbbe-4157-b3ae-f1ddcb5e9551,TCGA-E2-A14Z
b44be803-b398-4e93-b459-40ecdf2cb130,TCGA-B6-A400
59c3ac05-7a99-4817-ae14-1584f2b7bf36,TCGA-E2-A1B4
c23d56d0-f27a-48db-b10a-f572b50ef245,TCGA-GM-A2DC
43c4bdc2-b3fc-4fb0-9f11-f45394c4256b,TCGA-A7-A4SE
75668632-f0c7-495b-ba34-cd4b00aa9450,TCGA-E2-A10E
fb27491d-a418-4957-a387-9a4e4de84b06,TCGA-D8-A1JF
ac175796-57dc-4de1-b6a2-eb71416e4c47,TCGA-E2-A1BD
13d6ae6d-1662-4e0a-a10b-a733efc216b2,TCGA-D8-A1XY
5167da8c-2b1c-4139-a2c4-355e9f07d0be,TCGA-A8-A08H
bf858293-b533-4a73-ac9b-568109ba05d4,TCGA-EW-A1P7
6d1979a2-956e-42d3-a192-01d872e36d22,TCGA-E2-A15G
e55a506c-870f-4011-adfc-37eccbf5f17e,TCGA-A8-A09X
5c957f54-8c46-4f13-a22b-49c175e8af3a,TCGA-OL-A5RW
ed13eb3a-17ab-4781-bc60-13797148c7c4,TCGA-A2-A0T1
52ff2501-c6d1-4469-a2b7-c458d98cfc8e,TCGA-BH-A0DV
e0e050cc-5e2a-41fc-8394-b4816a9dc8a2,TCGA-A2-A0CU
afd15ee9-ef38-4d14-b1c1-7f4267fe6a04,TCGA-AC-A5XU
c07a2fe2-d51d-4fd6-a36e-9f04fc3b6c05,TCGA-D8-A1XK
61325789-0b1e-473d-8b71-5ec13ec1dcb7,TCGA-D8-A1X9
5ea12b9b-56ac-4d0c-8761-bf172b2f23e0,TCGA-OL-A66I
ee27259c-1aa7-4f5a-a4e6-0b49be4ad051,TCGA-AR-A2LH
f3d3848c-9ff7-4e84-a35c-f6b6e3a57605,TCGA-D8-A1Y1
fc801acd-4b1f-46e7-bc1e-47752fb08779,TCGA-A8-A092
deba354e-fcc8-4a00-aa1b-63afc9cf2861,TCGA-AR-A1AH
f9683515-b944-4c7b-b41d-ea105bd37a5a,TCGA-OL-A6VO
4d4d40f2-1f96-4d31-81aa-d44b17a217ed,TCGA-AR-A1AY
853013f2-fee7-4489-a2a2-fa36112a1c73,TCGA-AO-A0J3
504f8320-62f8-4205-926a-a54d042d0e98,TCGA-AR-A254
053442de-6d8a-4811-b03c-be1c7a3f207c,TCGA-EW-A1OX
09cf8de3-bb0f-434d-8cb3-9f5eeb264b6b,TCGA-D8-A27L
ce9d6d3a-9ab8-4586-a587-3d4bf00445a5,TCGA-BH-A2L8
4eee2055-ed1f-4958-b214-4cff055c87bd,TCGA-BH-A0E1
2b00c53b-e257-4305-a0cc-3dfa9ac10d12,TCGA-HN-A2OB
96cd848e-50fc-4244-beec-8d18b1703fff,TCGA-E9-A228
f084874a-f9a8-4858-a858-d9b80871755b,TCGA-E2-A573
1d18e4b7-83a5-4c40-94ef-f77c1ba2fdbb,TCGA-C8-A12U
2cfbc50e-e38d-41ad-8809-a3ed9685ddf1,TCGA-C8-A12Z
287f70d5-cb97-459f-963b-68408f92c0f3,TCGA-AR-A1AQ
f0bc4292-6662-460a-8bf8-a3c9fa2fd7be,TCGA-OL-A66P
b6a8beee-f393-4d3b-943e-1c44fad65526,TCGA-E2-A2P6
aae81240-6757-42b9-8dce-9936f8574f19,TCGA-AC-A3TN
69118aea-1784-49a0-9932-082f87fdec62,TCGA-XX-A899
692ea666-b4ac-4e92-b712-96a67edaef56,TCGA-E9-A249
1880f86a-77c8-4eac-a3e7-a62f5edad8fb,TCGA-E9-A1N5
081b4937-85e7-44b3-9124-a612f4f2e0ca,TCGA-A2-A3XZ
d6450e34-ebf4-4749-a27e-8e3139960afb,TCGA-A2-A0CP
158ab1d9-8925-4a05-95da-b2e0ca297474,TCGA-AO-A0JJ
01661d94-fc16-4456-95cf-a5fa4e1e196c,TCGA-BH-A0HY
db5f53f3-6438-4f23-9683-ee16244d98b9,TCGA-BH-A1FR
11ed8e05-8f30-460a-b502-01ae09504315,TCGA-BH-A18F
22aac1ce-7a45-481b-b3f6-6393deeadcd6,TCGA-EW-A1PF
9c2ed2bb-8ee1-441e-9f3b-ffbb4def2673,TCGA-BH-A0HO
3d804011-ba3a-4999-9305-71b4680819b9,TCGA-A7-A425
073939c1-c857-4340-8a5f-a7b87d2349c3,TCGA-AR-A24U
87568e73-7eac-4243-9d74-03efb86b6f29,TCGA-BH-A0HK
13fc37db-3160-4e82-bd63-52fc295e0e19,TCGA-E2-A154
3ef3fd4b-ed5b-41e1-8096-c573cf609bd3,TCGA-AO-A0JA
dc857517-6b3d-4008-85a4-a2b35efb1e7a,TCGA-5L-AAT0
e6f4bdc7-ab3f-4a62-aa6d-5223b25bbc89,TCGA-E2-A14W
9cb6482e-6f20-4aad-986c-7ccea66b7cc8,TCGA-AC-A2FE
1fc52882-bc89-4a45-a96e-5e051420c513,TCGA-BH-A0RX
51bced11-ff98-4338-8e54-0b1a35a6d982,TCGA-E2-A1IH
e4443a5a-144f-434e-b1e0-3139e1e5ed23,TCGA-A7-A4SC
8a7a2dda-c92e-425c-9c18-5f50aaeba203,TCGA-AR-A5QQ
e6ac5ada-4358-4ca3-b1cf-05d3e0cf0597,TCGA-S3-A6ZH
dbb3747a-aafe-421c-bb21-84a0b82c6a75,TCGA-BH-A0HX
f738acc1-0445-49e0-a279-3469620c8d4a,TCGA-E2-A576
fb120cb4-2cee-4848-a60e-6c1fba723dc9,TCGA-E2-A156
73729b89-4802-4780-9e7f-cb160a04bb17,TCGA-A7-A56D
7dc54973-bfae-4811-b947-f98a6ac24b25,TCGA-E2-A152
304b7293-0a76-4028-9a18-58c87c751ceb,TCGA-A7-A0DB
b4aad532-f92b-43d9-820c-f3c98e382225,TCGA-A7-A0DB
9079bad4-9d01-4eb9-999d-35ad734be2e8,TCGA-A7-A0DB
e3142cf7-334f-4f34-a5da-53ffa4e1ba33,TCGA-E9-A1R0
f5b3a6d0-3b56-4ad2-b520-8bcaadb6bd0e,TCGA-BH-A0BP
dd1d9d28-3929-4361-a6ff-0ac781fb0ac3,TCGA-E2-A158
a091a049-ebb1-465c-bf2e-b2abd72e4901,TCGA-AC-A3OD
b1eae07c-4bc8-4b5c-9d33-d85f10214663,TCGA-AC-A23G
deb14c1d-474c-4d6f-bb8a-2b6df5dce5c9,TCGA-A2-A3XS
706fb35c-d467-4f93-b5ea-0cd841533655,TCGA-AR-A1AT
c28b080d-8eb9-46b7-9e40-c37409820e17,TCGA-AC-A5EH
8b0bdebf-7292-4b66-bcf2-fcb0a06c24e3,TCGA-E9-A5FL
38387a4f-c65d-4075-8133-fdf259e919ed,TCGA-GM-A2DA
cc66d11a-33c0-4247-9072-6e7c0d0b6112,TCGA-A2-A0YG
4b42e241-a674-4d6c-b217-dcea51e6cc4f,TCGA-C8-A3M8
f7df28a8-81d0-434a-bfcf-0ffff4ac9ede,TCGA-AO-A1KO
8d1641ea-7552-4d23-9298-094e0056386a,TCGA-AN-A0FN
3f94086c-9e16-403e-b191-e03e9b6e3ce2,TCGA-A2-A25F
952e9924-3a48-4572-bf4c-95e5049e452d,TCGA-E2-A15D
dda806cc-67a1-406b-8957-ffdb5f9087c8,TCGA-A8-A09R
cab9ff29-e575-45e2-a411-1bfdc2e2610c,TCGA-BH-A18J
85237b9e-67a3-46a2-9c19-3818522994b2,TCGA-E9-A1RG
2f21d781-2df5-4de1-a595-a61507cfe610,TCGA-A8-A09V
d820ac02-a30e-437b-b20a-3e92705b7b81,TCGA-A7-A13D
80de2366-cd3c-4b51-9957-06ac3e152cf0,TCGA-BH-A0W3
d9666e09-51bb-49a4-b289-0e6b69636858,TCGA-AR-A24V
bae57be0-48af-438d-88fa-cbaaf16b3d33,TCGA-C8-A12P
b02ec16a-9dff-4b98-9960-73175454082a,TCGA-AC-A8OQ
857c6778-f94c-4b61-9df0-7ee340fb88bf,TCGA-EW-A1OV
c32e3393-3a51-4d72-aa60-e8e6e8c083f0,TCGA-OL-A66L
b1e1ae0d-4558-4d30-9b20-79aa40fa5a2a,TCGA-A2-A1FX
8087339c-4fdc-42e4-94ff-299a59ae88a3,TCGA-D8-A1JU
a2b566c2-bdbc-41c0-a9dc-8207582e1a51,TCGA-AR-A2LO
47bdf86d-922f-4615-b7dc-8b19a0cbcf60,TCGA-A8-A0AD
e627254f-65f9-4939-add4-bb77bfd92e16,TCGA-D8-A27M
360280b4-a4eb-40f0-ac1a-35d6858f4aeb,TCGA-PE-A5DD
e1ef10f3-a1e2-4391-bfec-ac6b0231ae5d,TCGA-E2-A105
f518ad50-78d8-4b0f-a6b0-07bad20462ce,TCGA-A8-A09A
7f2a1bd4-9b71-4e12-ae92-6aaaf247ebca,TCGA-E9-A5FK
767425eb-9fa2-45bc-a3ad-ca8dbafd373f,TCGA-BH-A203
1b392450-2b27-4dce-9205-7de33a64ba42,TCGA-A7-A26I
021d9e06-9d27-400c-8776-08e89c817b46,TCGA-GM-A2DD
f383e1a0-2847-49e0-bede-abe5ce5147ce,TCGA-B6-A1KF
dbc4f72a-3937-4092-92b8-d52c6b0c3340,TCGA-AO-A0JF
89424841-6b5a-4f5f-b5c2-209630c6f597,TCGA-A2-A04R
b55e91d5-8675-4f6e-b9f0-cef4c82b7323,TCGA-EW-A1PE
5b858b45-79a5-4857-b59e-8c56a8b04320,TCGA-A8-A07C
62ca3ce8-77f9-4e02-ace4-af79519b53fd,TCGA-EW-A1PB
22190dbc-a176-4f26-96d8-c2d2667b64ae,TCGA-E2-A1AZ
f04a6a90-d4d9-4b17-afaa-f97044ff4b6a,TCGA-A8-A090
5d5bb9d2-2244-4673-99db-653609cf5de2,TCGA-AO-A0J4
3ccab1b1-39f2-4947-bbac-1c25750f0464,TCGA-A8-A08X
c8c213fe-4ab7-4671-81cb-fe09b11fcbe7,TCGA-EW-A1OW
d8d139e8-6e6f-4771-b624-69518f847b85,TCGA-AR-A0TP
3ffa2cdf-4a54-4362-a6cf-b0567ef69551,TCGA-AC-A2FO
27d65db7-ad41-46f0-bfd1-61c693073e19,TCGA-EW-A6SA
e869b178-9abe-44ca-ae6b-a6caae1834fb,TCGA-BH-A18R
f1d01b35-7a63-48c1-82ae-a9684906ef65,TCGA-D8-A73W
2bbbdb50-4486-473c-a158-6b1656bdb242,TCGA-BH-A202
3334577a-8045-4613-9a1b-e79fd62d5d6d,TCGA-A2-A0CM
f2ab4258-222d-4a08-a805-3628048ebf1c,TCGA-AR-A1AX
cd40e8d1-b307-4840-bba6-fd2f71d0c26d,TCGA-WT-AB41
586df577-513d-4d43-ac47-89c52f322d30,TCGA-D8-A1X5
032e5aa7-8028-48ad-8fe4-6a5cc6aee5cb,TCGA-OL-A66N
7fe106c5-4235-4930-83cd-84dc5250db89,TCGA-AR-A1AM
fe8166b9-08e8-477b-9122-0e9194f34818,TCGA-A8-A07L
6a8e570e-dd05-4c06-9ed0-52ba0727faec,TCGA-LL-A5YN
4796719b-2fa2-40ee-9fa9-6a8caa703823,TCGA-E2-A15F
be8e200c-dced-4b24-a70d-6b6baecb7300,TCGA-C8-A27A
51c66f38-afcb-423c-9004-708081b729f6,TCGA-E2-A107
9c1779d3-6e10-413b-9df9-a9378862d8c4,TCGA-B6-A0WW
8b7eaa6a-3ea9-4bf4-b814-7b2e7dbb3528,TCGA-EW-A1J1
20ef7196-2274-44e1-a105-0761f80c893c,TCGA-E2-A109
68bf0c2e-f2ad-48f3-b29d-b2a3c5d1c568,TCGA-EW-A1P6
8909b639-c15f-4935-a698-6de79c3d0433,TCGA-E2-A2P5
748e4eaa-2b96-4dce-a903-c7df733d7f50,TCGA-EW-A1PD
6ddab78f-8bf5-43ef-847b-f68c15475d46,TCGA-AN-A0XN
ea55206b-29c6-4a8b-9219-cfd28c29117a,TCGA-AO-A03P
676cce88-9f6e-4490-8e73-c0e88bd00075,TCGA-AR-A0TR
2e64abe2-6024-4d28-9e09-560ce2a9fd15,TCGA-GM-A2DL
790ea932-848f-40cf-ab94-673eea700aa2,TCGA-A2-A4RX
6fb7c578-dec9-4fe8-a9bf-3888bb765658,TCGA-D8-A1JH
63eff205-4fd4-4148-a596-2f7c17da328f,TCGA-E9-A3QA
ba00c48c-c33e-4dab-beb6-0575ee076dfd,TCGA-A2-A1G4
650319bc-20e1-4451-bcb5-a35c360060ef,TCGA-E2-A106
95e77e5a-9963-4d65-935d-893a5dbe702e,TCGA-E9-A1NI
04c428b5-d0b9-4ecf-86e8-8a42dc4cbb5e,TCGA-A1-A0SD
2244c5e8-a873-4e29-abb7-e869a7d79e3f,TCGA-D8-A27P
083eb05f-0af4-4f73-bf09-3806eb3b71bb,TCGA-E9-A1RF
8d66b5ac-4ceb-40a3-b2b9-4d0c24be01a7,TCGA-BH-A0AW
62e41b20-5f83-43c2-9887-809e97794f04,TCGA-OL-A5D7
d1f7678a-8106-46c9-95b7-5ec5d940f08c,TCGA-B6-A0RH
ce362483-60b7-4654-b201-834c60e38690,TCGA-A2-A0CX
e548b6da-7025-48ef-bac6-50dcf66abe71,TCGA-A2-A25D
3c3c4741-8eda-46fe-8d36-2cd683f4a987,TCGA-BH-A201
38b11e1f-1db0-4733-bdf6-fb64664027d4,TCGA-A8-A085
0d9db3d9-8f0a-41f8-bf2b-5de447d676b8,TCGA-AR-A5QP
8c22f448-940a-46f4-a192-f389d1931f0a,TCGA-E9-A1NE
ce098c6d-1b12-48df-bbbb-4f1ea8788942,TCGA-E9-A1N8
a068f661-e689-4e30-9572-3103039981aa,TCGA-AC-A23C
5ef81653-adf0-4286-9f43-218490539508,TCGA-A2-A0YF
4fb42c7e-2a7e-4641-ae7c-e92fd9c2be11,TCGA-AN-A0XV
668e1e67-cc4f-40fd-b921-23aec5078635,TCGA-BH-A0H6
44df0b54-867f-4aef-8769-5d3fa8887b94,TCGA-D8-A27V
17985496-652a-4034-997b-b888d97316e3,TCGA-EW-A2FR
fd5d7370-2c7c-4f6e-a236-e25366e463a8,TCGA-A2-A0T4
69ed2c6f-9495-475c-b8d6-c1db8f4b0537,TCGA-Z7-A8R6
7dfcf573-5004-4c46-a269-8a07e303f873,TCGA-A2-A0YL
7b7c91b5-0358-4d09-af89-26a791d7a23a,TCGA-C8-A1HE
36e48370-2ecb-4d2c-91ab-7f7426647213,TCGA-E9-A1NH
ec2e3ab8-18a2-4d4e-b0dc-36411ce35357,TCGA-A7-A26I
7e11de5c-487d-4fc2-845e-efab7a39e031,TCGA-AC-A2FM
0fb8ee34-b7c8-4ea6-987a-b69c00baa53a,TCGA-E9-A2JT
7eb5f037-355b-4a38-b22b-a5e1f41ff1e9,TCGA-A8-A07B
c861f2ac-61fd-45cc-9e14-f775f9eed494,TCGA-BH-A0HQ
29246ea5-44e5-43d3-be04-c038c20db027,TCGA-A2-A04T
1516c4ec-98c0-41dc-9ad1-86cc05305fc1,TCGA-E2-A1IL
a29c8616-0f82-4515-870e-68887a628c92,TCGA-D8-A1XW
1729f18b-f4d7-4e1c-af9f-2c651023e7fc,TCGA-AN-A03X
15933e60-dee1-493a-a4f9-d5791dd15325,TCGA-EW-A2FV
628501d9-94e5-440e-b39f-df0e3ea09986,TCGA-C8-A26V
8997a81b-4046-4c31-91f6-7c1519f1d2ec,TCGA-AN-A0XR
548b1967-fca4-4238-8d59-ae5405122c90,TCGA-D8-A1JL
b9bfdf3b-d23e-433b-892f-1b61e24abdfa,TCGA-A2-A25A
c763a483-415e-4cb4-9cdf-4e6c31e8a9c9,TCGA-BH-A18M
95e450bd-ff88-4498-9418-e09883c94988,TCGA-BH-A1FJ
9eb69ff7-492b-4ed3-8762-c25c3dffa1fe,TCGA-AO-A0J6
6e6eeb9a-6437-4e53-9fb7-c283f738d3bd,TCGA-LL-A73Y
ffe82e73-0990-4d3d-a4d1-7d4e169dfdf5,TCGA-AO-A12B
840ce2d8-5bf8-4a2c-9739-e7dff5d7cb21,TCGA-GM-A5PX
79beb4e0-5066-481f-b432-94d69219bfe8,TCGA-E2-A15O
9b7c81c7-d03c-446c-9d25-8c966058b0e3,TCGA-AN-A0AR
91941243-48d2-4416-b104-0affb8c46316,TCGA-A8-A099
8f1c0479-48ac-46e7-a2c2-973a8a6c4747,TCGA-LL-A5YM
343c349a-57ce-4599-8185-3ed2e15c6fdd,TCGA-D8-A140
02a50d1b-ff62-4936-a0ce-ac0e22a5b41c,TCGA-E2-A1LG
4c6f18b9-eb4c-4b7f-90ee-0c3194407be7,TCGA-BH-A0EB
7880b3ba-9f39-4744-be72-b87dbd8eb425,TCGA-E9-A1ND
b021039d-26c3-4851-9641-ddd81e408339,TCGA-AR-A1AR
d898e588-a74d-435c-b930-b96c266ff580,TCGA-C8-A27B
e6b6dada-24d1-4020-b5c0-3824670d079e,TCGA-E2-A1L8
5a277308-f1bc-47b3-a397-aeabe9db8dc6,TCGA-BH-A0DK
f266f0c7-53aa-43bc-bbef-b9af0054391f,TCGA-EW-A1P1
078420d8-5079-4a98-81d7-3a4b84e9d0ad,TCGA-AC-A3OD
eecb45f4-ea57-4aea-814e-9895d42034e9,TCGA-AN-A03Y
e1edc70f-0307-4283-9efc-77feb465c9df,TCGA-AQ-A1H2
034f8d01-f664-494b-bc04-77485000611f,TCGA-BH-A0C1
7abc395f-72e4-4835-8aef-aaca2f8a34b0,TCGA-E9-A3Q9
71c9a6fc-0538-4533-af51-f7c9defe7770,TCGA-BH-A1FU
6cc59c3f-0de5-4232-ab7a-7195a92e7d89,TCGA-AR-A0TX
1d468785-141d-40ca-acb1-d6d85a8c9d7b,TCGA-A8-A06R
9db2f825-0d02-4437-9107-a6b92ef4e2cc,TCGA-A1-A0SE
43d15c49-f348-48a8-b00f-7f6a7b605a04,TCGA-A2-A0SU
9899646e-d5be-4429-a7f2-0251bed9721d,TCGA-EW-A1IZ
64b12ba7-a481-4fdb-9c74-38c94c7ef3c9,TCGA-OL-A5D6
96a45a70-d4b5-4090-b603-73b7379679d6,TCGA-AC-A2QI
2e36839f-3155-4e05-9ed3-404522fdb04f,TCGA-AO-A129
cd215363-3f4a-4928-9dbb-60735f4c27ce,TCGA-BH-A0EE
60e5b5de-ba65-46c7-82ee-8181628f0cbd,TCGA-B6-A0RQ
956570e5-7ed4-4d17-a830-f1bc67a7af15,TCGA-AR-A0TZ
352ec91a-6c0a-4d6e-b6bd-4237f5eebde9,TCGA-A7-A6VY
4591685a-dc4c-4049-aced-8278c715c890,TCGA-AC-A3YJ
7ca1746b-d6cc-4207-b1ed-738520928744,TCGA-EW-A1J6
c2628a29-fe4e-493b-a324-ed402ad54a26,TCGA-AO-A126
1e742dad-8e44-452a-bf2b-9b8ae1ed8bb2,TCGA-A7-A13D
c9f641bc-d9fe-4cd6-8e73-bbf6935aee52,TCGA-A7-A13D
5a1c17e7-53a2-472a-b4de-8f60522a8c6e,TCGA-D8-A1X8
6f4e8f95-44f7-41c5-8af9-19212eff36d6,TCGA-FA-A7DS
9488f59b-105a-4c4b-844e-23498427b51f,TCGA-D9-A148
1d9d65b8-5af4-40e6-a01f-236f45cfecb4,TCGA-A2-A4S1
063a4886-ee4d-43a9-95c1-25a0c0b2d85d,TCGA-A2-A0D3
1406cfa1-39b8-4ab6-a960-ed6f38bc0f0d,TCGA-EW-A1PA
e619e3c8-f6eb-4b0a-bf17-005ccbe269bb,TCGA-AN-A041
a0ea30b4-a6e0-4f46-a0ee-5d552c8b6d68,TCGA-E2-A150
2df3cde4-5d53-4e2c-829a-e609f1d92a7b,TCGA-A8-A0A6
75e67bb5-098c-4b48-8f5d-badc72dc4c47,TCGA-BH-A1ET
3d2bf709-b8ab-41c5-a8a0-dd42e7846c25,TCGA-E9-A1RA
c456f144-7f26-4f58-b4f0-4d91ddfec18e,TCGA-PE-A5DE
9e785594-f00c-4805-8901-66c73fe2588d,TCGA-A7-A4SD
516fdfb1-7662-4524-9bcd-23ccbbec6a86,TCGA-5T-A9QA
1742c1d9-a359-4d9e-b1e4-1d162472e67a,TCGA-D8-A73X
5842a066-d158-474e-a4db-034f5797d865,TCGA-A2-A04U
3129e1d1-9844-4df4-b30e-29b1c438983b,TCGA-BH-A0DG
4b9da1a6-923c-4bc8-922a-620ac43e6f9b,TCGA-BH-A0HB
1dd10557-4e50-4af0-87c6-b4b3f6fa3a15,TCGA-A8-A097
27f20469-cbf5-417f-922a-19cf9e8b790c,TCGA-C8-A1HG
7d30a479-6d2f-431e-b15c-26736994b2f5,TCGA-E9-A1R7
09c3168a-9886-4095-a5ef-8bdcd0988dea,TCGA-GM-A3NW
fe00aecb-7b06-4e76-b999-99ee41ad20ea,TCGA-OL-A5D8
3daf8160-42c5-41bf-b251-77fce23a4aab,TCGA-BH-A1FN
689ba70a-9664-459e-aee5-fd16b3b993a8,TCGA-B6-A1KN
0e062eef-29b8-4622-afd9-0d3f0d1c37d6,TCGA-A2-A0YH
f6f90b5a-51c6-4402-aab5-081f5e2931a0,TCGA-A2-A0ES
ca9d1ab5-ea78-46f4-9225-8147639d013c,TCGA-AC-A2FB
acda1855-14ba-4e05-89f7-50f7823f38b3,TCGA-A7-A0DA
784a9c63-9b40-4f6c-8147-93d0ed523867,TCGA-C8-A274
09f906ba-fa4b-487f-9631-fbd97d9db8f9,TCGA-B6-A0IK
265fc9bf-8f99-4422-b78d-78ecf09b0e53,TCGA-E9-A247
48c63209-a387-4045-8a24-7b9792db7623,TCGA-BH-A28O
08a14e13-810a-4862-9de9-16b4fea25625,TCGA-AC-A2QH
9e94e2ce-f6a9-4358-b96e-266207b9ce34,TCGA-AN-A0AK
8408e231-e0d2-4650-b269-9a7f7ff4a597,TCGA-A2-A0EP
b35809ed-747b-46b9-9921-e14d859e5b5d,TCGA-BH-A0BS
48077485-61e6-4d16-a74c-ee216a9455f1,TCGA-D8-A1XB
0d71189d-6801-4d6b-b306-22efcaa2564a,TCGA-C8-A134
e96b0282-8ff5-4390-9466-119534a50628,TCGA-A8-A06P
69d12077-db51-4a74-a090-9b26e0368ee8,TCGA-AR-A0TS
7b3d0a19-0cbc-4e8a-be16-76693e100e4c,TCGA-BH-A28Q
967f7008-e212-4114-ab43-dc2a6295f80c,TCGA-AR-A252
a1ba2be6-2ba6-4be5-9cc8-6db7950601c9,TCGA-AR-A24T
597c71b0-5c49-409d-84ff-cc31b185c620,TCGA-E2-A572
d0dc0f54-e23f-40fb-a0ac-56fbd55108f0,TCGA-E2-A15R
9d025af7-ba40-4329-9308-d039aaad900b,TCGA-A8-A09T
c5bb9834-a08f-4729-9aec-22f9a2816184,TCGA-E2-A1IO
ad01e71e-ed1f-4de6-81b5-8ef60f7a38d0,TCGA-E9-A1NA
92e1baff-0f43-4841-aab9-fdda0078673a,TCGA-A2-A259
4541a5e4-240b-466d-bbc4-3904581490f3,TCGA-S3-AA11
c355cc80-6344-44b2-82e0-79d701fef03c,TCGA-BH-A0B2
42ed2e82-e41d-4e2e-8bf3-8dfc324b040f,TCGA-AO-A0JD
0f9b8032-b21a-4480-8434-d174760a7ddd,TCGA-AR-A0TW
490dfd10-0c85-48a9-b4ce-22b4445ed504,TCGA-AN-A0FZ
0781a18f-ce2a-478f-945e-49b2b8d7d941,TCGA-A2-A04W
ab3b04d0-d1fb-48f4-aae2-9ef96c9f5fb2,TCGA-D8-A27N
28b12d43-f858-458b-9305-6581a9498e59,TCGA-E2-A1LH
fd6f4c9b-ee43-4939-8cfa-2e447aedbcf3,TCGA-AN-A0AM
c5d73777-b7f3-4107-9efc-afde92f70469,TCGA-LL-A7T0
666548b5-7b80-42af-80f3-207063c35b3b,TCGA-A8-A096
a02fb212-a6cc-40b2-9d31-481fc1ce0911,TCGA-A7-A26E
a0baf653-6f10-46fe-959c-54268fbc670e,TCGA-E2-A1BC
24eddfec-08a0-48fa-bef3-a4b9bd740170,TCGA-EW-A1PG
e88a6a51-24b3-4b52-bd5a-f306f1c9e0d9,TCGA-C8-A26Z
87c074cd-bcd8-4280-a12e-b205f50e139c,TCGA-E2-A15C
096761b0-f4ca-448d-b78f-58469a508798,TCGA-BH-A0HU
c6151c87-ab96-49c3-a250-b56211cd20e5,TCGA-D8-A1JS
87e5aef9-f493-4e46-bb5b-7cd18d5e30fc,TCGA-C8-A8HR
68a74e5b-649e-4568-8616-d2292a4eca19,TCGA-A7-A5ZV
774f5688-bad0-4a78-b26a-7aceb353e603,TCGA-A8-A07Z
a7bca7c2-8c54-4ad1-9deb-7f77c962bb07,TCGA-B6-A0IQ
ba3f32ca-85e0-467a-a733-99ea832ff1c3,TCGA-EW-A2FW
bd35c087-9a96-4f86-99f2-1a2a8936471a,TCGA-AN-A0XW
574d0a5f-8cb7-4783-8d5e-b07c1b3460dc,TCGA-AC-A2QH
824f5b0a-44d4-4ccf-9277-1ef752462bb3,TCGA-A2-A0D4
9692b4cc-6c7f-4f88-8854-769568f088ae,TCGA-AC-A62V
c33e4a5e-f54e-48e0-bcbf-4e019e63a352,TCGA-AO-A1KQ
3a814d3d-749f-4066-b33b-3faf503d84bb,TCGA-A8-A06Q
8c92ecf0-5d81-48c3-ad9f-9adf51860962,TCGA-A7-A4SB
253aa5dc-9853-462a-9bcd-c2e44817833b,TCGA-3C-AAAU
aeee03c3-20b3-4f96-b686-52111ce99a63,TCGA-BH-A0BW
91d22570-2889-46c5-9efe-5c40a4f84e5b,TCGA-B6-A0IA
95bb2613-9194-434c-801b-fd18aa183f6a,TCGA-A1-A0SH
fefb685b-91fc-4837-b612-73be3c4d941e,TCGA-AN-A0FL
d702ead2-f1df-43e1-b1a4-c506902b14df,TCGA-EW-A1PC
6e24acde-7dd0-46b9-b3c5-b0b617912910,TCGA-A2-A0EO
7050a8f4-f7f5-41ba-9bda-942d369cf317,TCGA-A7-A26F
6f73500d-4b23-4f14-911b-fbc69bd38f4b,TCGA-A7-A0CH
0db633a3-b1da-4caf-8e2c-89c0bc422869,TCGA-GM-A2DI
d635a6e8-ecb3-4f9c-a56a-af1d0c714d7a,TCGA-A7-A3IY
3628bc49-6968-47a8-96e4-e47421a7152a,TCGA-C8-A12K
5383a729-554e-4d3e-ba62-449f45b7567d,TCGA-BH-A42T
f3f0919f-f9eb-4baf-aeef-c79fbafef237,TCGA-BH-A0H3
87506e5d-4ebe-4f0c-a124-ea0add72d2ac,TCGA-V7-A7HQ
0c13d041-ca8d-48cc-ba02-3b7889e5367c,TCGA-D8-A1XS
caf3d917-623d-4e2a-ac0a-521415385763,TCGA-A8-A091
44beea06-28a7-490a-b6bb-4e023230e51c,TCGA-A8-A06T
65c868ba-94ed-43f2-bfd1-814979ee9486,TCGA-AO-A0J5
a854c368-6e81-4ade-9ea9-afbee1c4c448,TCGA-AO-A0JI
b36c0e8b-a9b1-46ac-8946-88e64a28ff5a,TCGA-D8-A146
0b0b23c2-dac8-45cf-ba91-913776b00a33,TCGA-AR-A2LL
2056c543-2f73-4a2f-995e-3af2dda7b514,TCGA-E2-A1L7
d6ca3b86-5a26-4467-b9a9-cb7fcc5a7316,TCGA-A8-A07E
2645561c-8313-4196-b321-b4a83879df88,TCGA-EW-A6SD
13cc2a80-d6fe-49ff-9868-c9eac6df3c5e,TCGA-D8-A1XV
647221bc-8100-4bb5-86a5-973fb67fde0b,TCGA-OL-A5RY
1990cbfd-497e-4fcb-ad10-251e410c0d29,TCGA-E2-A1LE
2f3e03a2-8764-4791-b53a-a599c6159e19,TCGA-LL-A442
42b32308-71f1-4f21-935f-7e4e5751e332,TCGA-D8-A1JJ
5a61d29b-5ae6-41b6-8842-865463f72990,TCGA-BH-A1FD
fb1c09a7-660e-4585-85b8-5acc456563cf,TCGA-B6-A0X5
207b5c1c-3710-47bd-be2c-e1307631b28f,TCGA-E2-A155
870c128f-49d0-462a-8970-5175e791096b,TCGA-A8-A07S
039eaafb-c311-45ff-9df7-30c1b0bab00a,TCGA-BH-A0EI
671bc03b-e3a8-45f6-88e4-ce138c716886,TCGA-BH-A0W5
a410ae33-9070-4d1d-886a-21f04666a6c7,TCGA-E9-A6HE
f6ec2075-052d-4677-8423-378ae45593ba,TCGA-A2-A3XW
f72da140-1607-4609-a6bf-ebe538667a8c,TCGA-A2-A0YT
5ee2f830-f808-4e6c-89c1-6c90859958e1,TCGA-C8-A138
8dc201bf-b152-458f-86ee-347744a1b9bd,TCGA-E9-A5UP
c50bf088-8ad3-495c-b7b5-1eca9bb546ba,TCGA-C8-A12V
8afeab3f-89ee-4901-8a32-d13587dbcab5,TCGA-BH-A5J0
dc3a76a7-bac2-43c0-90e2-e251e459c659,TCGA-E9-A1NF
02a4ccea-1464-4664-bc44-bb6569a34608,TCGA-A8-A084
56f3a401-cf18-4d25-b4af-6bacca469041,TCGA-C8-A1HN
dadd1789-354a-4abb-8d4e-8556166cf341,TCGA-A8-A09E
947967e5-9255-49e1-886b-3dd81909a9da,TCGA-BH-A0HL
bb0cccb7-712e-43ad-a3be-cd928a159e0d,TCGA-AR-A0U3
eb688a21-10b9-43c3-88d3-2e9a8d30b42b,TCGA-GM-A5PV
d826d551-cb0f-4d0e-b21d-a7b0c9010a62,TCGA-UL-AAZ6
70532e65-df18-4e1d-beaf-08fbf349bec0,TCGA-D8-A1XD
e17707f9-a0db-473f-9dc6-608b62e74689,TCGA-A2-A0CL
59fe0f14-0415-43b7-87c7-1098e4b434ea,TCGA-A8-A08I
2b9e2225-fb4d-4bc5-8c9a-58cd993627f9,TCGA-E2-A108
42fe2b41-93aa-4738-988e-66239bef2ec7,TCGA-A8-A08J
31bdedf8-eb1c-48ae-8d96-e06c2b3f27d2,TCGA-AC-A2BM
b2bcfd01-9662-4730-96de-1e51b4038802,TCGA-C8-A12M
0f168687-6f42-4d92-8f91-13efde785a0c,TCGA-E9-A1QZ
7caf8867-7cff-4dbd-b611-4748d86590a8,TCGA-AO-A0J8
c4ffc907-8632-494f-8030-0dcc74af3d9c,TCGA-D8-A27W
8095ebc6-d293-4668-9d83-8b3f35dd198d,TCGA-AC-A23E
951bac30-0a85-4dd8-8470-c1a3b84817f9,TCGA-BH-A6R8
825c4fa0-4d98-402e-9c1b-9ee0a1a6ce15,TCGA-AC-A3W7
990f1383-2ef6-426a-a650-e182010a8281,TCGA-AR-A24K
8f6c4058-6bdd-4f85-94ed-874966ffec55,TCGA-B6-A0IE
5b51c204-3342-46d9-86a4-2ed091492318,TCGA-BH-A0BF
3b509602-c9b3-4dba-86a4-13e2a3857bb4,TCGA-EW-A1PH
1453285a-717a-4ae3-a537-57df2b8e65e2,TCGA-AR-A0U2
5042d093-d8af-492a-8c40-5aaea17d66e6,TCGA-AR-A2LN
550812e9-ad67-4ae6-900e-572a051208a4,TCGA-AR-A1AS
8f8c9d55-303c-4099-8038-458e3e96ad4e,TCGA-BH-A0DP
55d29bdf-c959-4eda-ab2b-e09d7abb58fa,TCGA-A1-A0SK
e6e7d36e-b6c6-4e54-95ee-ee20e6f1f80e,TCGA-A8-A081
48e1886c-614d-4e2c-bf34-936fd82969c1,TCGA-BH-A0B5
2f51534b-248b-4999-bc3f-e42a2e98332e,TCGA-AC-A62X
24e5d229-23d1-49c2-bc00-ad3441b324cc,TCGA-AO-A12H
3f4afc9c-562a-4ef4-a6cb-ff426357a614,TCGA-GM-A2DK
3b1b46e1-f475-46f0-af79-0b9296164be3,TCGA-AC-A6IV
65ba302c-51a9-4493-8d28-e7bc076bca54,TCGA-A2-A0T2
1a2bc49d-edc6-4b84-88f0-73b6ed250d1b,TCGA-BH-A1F6
a2a798c5-3b1e-4192-8c6a-8c627cd0879e,TCGA-A8-A06N
cf3fe851-479f-4d22-9daf-99b163d0ed06,TCGA-E9-A1NC
7e6ed4fc-b4bf-46c7-9f31-24a0c32c039e,TCGA-D8-A1X6
5fd42405-ebfe-4210-bc2f-d8310e3e14ee,TCGA-EW-A1IX
e38d31b7-ad89-4fff-93d5-05f49998727b,TCGA-E2-A1L6
a33f7e32-cc76-476b-b35c-b03864b72cbb,TCGA-E9-A54Y
a455069c-8869-4af8-949c-edfee0a05f51,TCGA-EW-A6SB
c0285709-159c-46dd-8bd8-50fad06513dd,TCGA-E9-A1N6
f4bbad06-fb0c-4064-8a05-18b30a16207a,TCGA-E9-A1R5
3cf6f0ec-e11f-4a59-8d86-3e0bbc01f8e9,TCGA-A2-A04Q
d667391d-a4f9-40b8-9758-4b9246f49dfc,TCGA-A2-A0SY
e3c0a094-5504-4b74-9e0d-c73e84dc3901,TCGA-BH-A1ES
c50adee7-f053-484e-8a2f-f66c94a14fd3,TCGA-A8-A07J
b69294e4-e359-43b3-b3df-04bf9401fb9e,TCGA-OL-A97C
1babcd23-5abc-4f27-b367-a093590e9f6d,TCGA-A8-A06X
4066800d-0b9e-4263-ba24-cab271630e41,TCGA-BH-A0BV
02423743-43b4-494b-acd9-1cd3bcd3d395,TCGA-A8-A08G
6c40b30a-d103-4397-997f-9b2bda66793a,TCGA-E2-A15A
d61a8ec1-aa99-41c3-8633-018cdb0ccb1a,TCGA-AR-A0U4
8d0f534a-a0b1-4d8e-9ca5-042f8a0a4e52,TCGA-AO-A12C
9ccd787f-fde1-4fe6-a11f-d6203eaf9faf,TCGA-B6-A408
94e93460-c9fc-48f9-a2de-3722231f54b6,TCGA-A2-A04X
18294571-5fc3-4e68-8b31-5fc6a207639f,TCGA-AC-A6IX
c95b28ad-6de7-4494-b88a-7fc00ba9ee0a,TCGA-A2-A0EX
65b4f81a-4439-4d82-ae25-68d63309b053,TCGA-LL-A441
358a0311-c6aa-456d-a52b-6b6b08b0a863,TCGA-BH-A1F2
675732d7-23c5-436b-b21a-104081feb1be,TCGA-C8-A8HQ
7d787768-efb1-462d-b5aa-5cbf6fc543d4,TCGA-A7-A26J
c48d2d0e-5626-42b3-b508-75b3cceb053f,TCGA-C8-A12W
f9203ebe-d6c3-423b-ad65-28db38612f89,TCGA-AR-A24W
e49fbda2-881a-43c1-9c16-0b07fdd281a7,TCGA-A7-A26J
89f7da93-c1fd-410b-8479-64ad9bed850e,TCGA-E9-A1N4
cc3ac2f0-9d26-407d-a8ff-d78170062983,TCGA-BH-A18V
9440b088-b04e-4417-9543-5001b0a2b217,TCGA-BH-A18V
56c85bd5-c353-457a-94a9-91a3cc0ac4e0,TCGA-A7-A13G
240a1e61-5188-4249-b6dd-d6e0d7935d8d,TCGA-A7-A13G
8411b896-9d24-47d3-8a28-1c9cd6313939,TCGA-BH-A0E6
aa3cbc51-b74d-44b1-9043-cb2b9855a72b,TCGA-GM-A2D9
0bceb3fb-af69-4427-8ce1-767da4b31c37,TCGA-LL-A5YP
c84dbd50-ff69-4824-afe5-1eaec5780d27,TCGA-E2-A1II
eed349c6-a5ed-4543-ae8d-67b394b26c7a,TCGA-D8-A1JE
8563d0ce-646e-4992-897d-5634f023ecba,TCGA-GM-A3XL
