,PC1,PC2,Cluster
b793fa3a-f197-409f-b630-2dcba3290cce,-12.70793576336065,6.017011163225262,2
4d4d40f2-1f96-4d31-81aa-d44b17a217ed,25.179047657226782,-34.203082540074206,1
d7eb3fb0-7bfe-4f69-b298-41dde09902e6,34.58375558568816,38.27297734296591,0
cbf0063b-68e5-42ee-9292-dfbf918a7b08,-32.81516363043647,1.9639878171176621,2
674907a1-381a-4952-924a-52e2adf5ad19,5.3943588790863375,22.14702821432053,0
4fb219d8-519a-4ce9-a3f1-28fae295424f,-21.29146267154479,-3.1651425399495596,2
d667391d-a4f9-40b8-9758-4b9246f49dfc,10.827672086875696,22.86911874818548,0
508e541e-c751-42cd-8f8c-a57a835daf1b,-7.6864813525740345,6.115951884280552,0
071e21e7-a494-4d87-ab48-1cb334e0d992,13.010277048629694,9.847632578942513,0
948f1e9e-702b-4f42-a766-fb6b4976b14d,-7.679523267761649,7.633626438411942,2
d7dc889e-649a-46e1-98ae-d4708c26930b,28.86103763278067,-6.160544607977807,0
4fb42c7e-2a7e-4641-ae7c-e92fd9c2be11,7.372386113470118,23.853176149119783,0
02423743-43b4-494b-acd9-1cd3bcd3d395,0.7360375266524505,14.308450168744637,0
51538db5-edf3-40bc-ae5e-dc9b552e8b53,14.157727480882826,33.379320727686874,0
e88a6a51-24b3-4b52-bd5a-f306f1c9e0d9,-19.223260980506918,11.878354649012799,2
839aaefe-1755-4131-9b89-2610481a13c4,5.449856860305372,-6.143052204419434,0
79f139fe-fecb-4b0e-b668-3407c13748d8,12.955466323046224,9.007049813101148,0
c1f95e8e-aaaa-4090-8f64-c619aa543d1b,14.728991164718632,12.725209597503323,0
e55a506c-870f-4011-adfc-37eccbf5f17e,5.475962060421989,-13.711365196268478,0
5d5bb9d2-2244-4673-99db-653609cf5de2,57.30093829365682,-17.256320216929083,1
60e5b5de-ba65-46c7-82ee-8181628f0cbd,13.947221167392122,21.974078743425654,0
c9f641bc-d9fe-4cd6-8e73-bbf6935aee52,28.823109424661133,-13.593052799618766,1
3719879b-e7b9-42b4-974c-f69735086cad,26.768709242817486,38.75061094496836,0
b5e84055-487f-467a-9bc4-bd59ec82f183,-7.211355013611614,22.35146708108582,0
55d29bdf-c959-4eda-ab2b-e09d7abb58fa,23.0152853341958,-21.77656349840341,1
c32e3393-3a51-4d72-aa60-e8e6e8c083f0,-5.072615347068837,8.337558283575289,0
88d14d8e-cbbe-4157-b3ae-f1ddcb5e9551,5.9049640963312555,3.711014927875414,0
1fc52882-bc89-4a45-a96e-5e051420c513,34.49085232274229,-24.81967154525994,1
ed13eb3a-17ab-4781-bc60-13797148c7c4,18.055476188364803,-3.178257520821542,0
631a9df0-9d81-4b15-9ee6-3ae9f31dcba6,5.730494861070125,-43.24163591742831,1
24747d11-c715-48f3-821b-f6dbd6a890fb,-58.8161311401832,-8.735411465260356,2
0a9e33db-2527-4cc3-8669-a7c10fed7a7f,-27.750923625537474,9.500412506973689,2
00a26384-1b1c-4db4-9664-75fb9b3febdb,2.128576341146416,22.04315126232837,0
6f4e8f95-44f7-41c5-8af9-19212eff36d6,-3.1842989417196104,-61.31891042556401,1
9488f59b-105a-4c4b-844e-23498427b51f,5.017640994875516,-36.85066978283248,1
d244c9fe-f289-417a-af42-85591ef4fdc6,18.4301149382091,-13.495258180691344,1
49563aad-aeb3-4a9b-8849-a60c119cbaa4,27.174421543860806,-1.980590005918294,0
4a88d54f-c88c-4ffd-84c9-069b53f2cb28,-22.396435551689322,20.302103298045406,2
4abffa72-e45a-405a-b53b-73900d48253d,-2.9498174659374676,22.216735075329225,0
56f92378-3707-489e-b4bc-6f7485122484,-8.033046509359863,24.13010391323091,0
6e8eeaae-cc26-4db8-85f6-5c975b06bf45,-10.78631550711473,23.39238857311445,0
c5d73777-b7f3-4107-9efc-afde92f70469,-16.433943858136523,-14.026722111316428,2
92e64d91-88d8-4b1f-ab56-b593748b9f19,-25.28432275419367,6.511834686082211,2
516fdfb1-7662-4524-9bcd-23ccbbec6a86,-58.30366403258522,-41.82179959124214,2
df6af593-6a85-4f5f-8dbe-c32df5a85ef6,33.322497572233054,-44.955842403261336,1
97ec0a19-d386-48fc-842c-78488b0d41f3,26.94516979170702,36.23668326942133,0
668e1e67-cc4f-40fd-b921-23aec5078635,-21.363263074787028,9.971100224261708,2
69d12077-db51-4a74-a090-9b26e0368ee8,54.19275396333638,-10.838949521097152,1
04c428b5-d0b9-4ecf-86e8-8a42dc4cbb5e,11.584422605123663,25.428480348191872,0
47bdf86d-922f-4615-b7dc-8b19a0cbcf60,-30.820593165307272,7.309949250636261,2
0633890f-584c-43d9-aa3f-7a6555533dd8,11.928852994757037,23.682281481743946,0
80de2366-cd3c-4b51-9957-06ac3e152cf0,-49.63203270686899,0.5053059240048954,2
3d804011-ba3a-4999-9305-71b4680819b9,6.719206517877817,20.221433708111,0
22e623b3-2c82-4283-bd28-2cf1777b0179,37.988327291931206,-29.38557969270005,1
aae57dd0-eae8-48b0-855f-2cd17c9f524d,5.105201811241751,-26.314969120159123,1
4591685a-dc4c-4049-aced-8278c715c890,-42.88855853636146,-6.54227886953036,2
723ed50c-2c78-4a3a-9f6e-9f9e8e264f6b,-38.79413181204204,-1.9988179891483848,2
7f2a1bd4-9b71-4e12-ae92-6aaaf247ebca,4.189661483634896,3.865991988802559,0
df45fb41-4511-4dab-b865-fcdfcda0400a,3.7293032632157526,-17.73849843294077,2
83834ecf-bc98-416a-98c0-824229e6cfe0,-31.648559450689866,4.302495251418871,2
b87ce383-9333-420c-9184-62d9d1eadabc,31.955171634533144,-18.105269199955693,1
22c2b380-799e-4fad-ae38-46a916c592d5,-15.679453083643137,13.338843891259826,2
e17707f9-a0db-473f-9dc6-608b62e74689,27.57164760880729,7.709510247565486,0
afd15ee9-ef38-4d14-b1c1-7f4267fe6a04,-18.096807809205558,2.3596605827039325,2
0dacd83e-7fab-4064-a25c-c1de66be5305,62.23634400127205,-3.722396559349997,1
d8edd309-518d-4358-8245-9e92d7af4441,8.152385156922225,12.625145107955545,0
d504a28c-f8e7-4c5e-b01a-23b4cdd1dd8a,-23.898626410876847,-16.38721216831184,2
815b70e5-858d-416d-94aa-6749960883ce,-30.006079747130823,-5.268965342433488,2
5782ee15-ce76-43d2-ba6c-e84284f4a99f,-36.935566461202434,-24.552821354732725,2
b6a8beee-f393-4d3b-943e-1c44fad65526,-15.693435719555977,16.740399748264803,2
d820ac02-a30e-437b-b20a-3e92705b7b81,18.013548047150316,-39.0920176301256,1
5167da8c-2b1c-4139-a2c4-355e9f07d0be,19.99582348370442,0.4667887223189813,0
a1ba2be6-2ba6-4be5-9cc8-6db7950601c9,8.167853300535212,27.168071846608502,0
c36f7911-13d2-4230-a5f5-e9c562d763bc,-39.91914983149151,-10.21168509739946,2
db5f53f3-6438-4f23-9683-ee16244d98b9,-24.563196083605238,1.7684176633923419,2
8d3d544f-6d1a-4cdc-8091-490311487ebd,37.99323965232325,-24.10417241998173,1
73e13f2d-a557-47f2-85e2-7bb8e3a48ef9,18.31573013626068,17.633976713877225,0
b29eda98-8a40-4c9f-ab41-7d6eded84d50,12.213934808015647,22.857509879895957,0
24e5d229-23d1-49c2-bc00-ad3441b324cc,-38.25218556468428,1.6215342516871099,2
e6ac5ada-4358-4ca3-b1cf-05d3e0cf0597,-15.854039310487273,-0.31525861697869656,2
b9e82597-fdf2-4479-a764-29193ddbd58f,-3.9585454787582512,13.907872040574066,0
0f9b8032-b21a-4480-8434-d174760a7ddd,-20.603212321456976,-14.883133283043444,2
2c1b1cbb-6e9f-4416-8faa-abb31d6b4e0e,-5.926137496192118,-9.04396022792479,2
ca8b34fa-ab70-42c1-8e81-8b28ba1a8f3a,40.62781973160385,-27.726134392518432,1
39eaa466-f50c-402e-b127-b6b016d0480d,-3.4240626177025106,-3.87299145360465,2
74d50556-5de8-4eff-82e6-a3ad9c70020a,3.797050128981363,16.643164287122314,0
93f26994-d3de-4c8a-bfde-86af8d85b01a,-0.08448789450724888,23.324883688556074,0
2645561c-8313-4196-b321-b4a83879df88,5.886506901019351,-16.454191991368173,0
4541a5e4-240b-466d-bbc4-3904581490f3,-24.07969291390912,1.6215900702548733,2
7289e7d5-65af-4d53-a4de-2691991d90d6,-11.180583352175514,5.28373906733262,2
b05af4cd-19e2-4752-ad71-c36b886f4507,1.9364910191297882,8.068496839337126,0
c62cda08-6134-47c6-8796-9da0788d9717,27.431131201490636,38.76889197075741,0
9ccd787f-fde1-4fe6-a11f-d6203eaf9faf,2.255596156570655,15.475203678305094,0
4ba90a73-b2e0-415b-9cd2-fad805840aff,33.55697000963943,-21.258491492484822,1
16bd1ebb-5bf9-4839-99bd-5a4d3dcad7b8,3.537717993560753,7.276156890006888,0
f9683515-b944-4c7b-b41d-ea105bd37a5a,21.434976513364894,-42.90612919168023,1
e682e28e-0611-4e92-899c-637fde17423d,-6.801255986483576,3.387800417782982,0
5e4626c1-dcf9-4781-a2e7-f6afca7e2ee7,4.062217124199175,13.379209121222555,0
8cf6a0f3-9dfb-41f5-b855-c313c583e707,2.5096023716331834,3.600408588896839,0
8f1c0479-48ac-46e7-a2c2-973a8a6c4747,-41.56108067703319,-27.64153647509934,2
c8e8f4e7-7aae-41f7-9d36-5938d2c2fc04,-29.854723911753062,6.751320704819258,2
4eee2055-ed1f-4958-b214-4cff055c87bd,-17.889722520744634,5.493265872791681,2
cf122ae0-0be8-43dd-a0b9-01fff585186f,19.894363718911414,32.3503046379909,0
8f8c9d55-303c-4099-8038-458e3e96ad4e,3.819270510255883,22.374743200466813,0
a7428d3b-f84b-4c2f-a996-14a11af6b6df,57.68052484738947,0.9079838060349121,1
281a89c1-e817-49d4-afa1-2894c2747919,-6.067858375713201,4.677861494224188,0
62298f43-7f8b-430e-9a23-0ee0ffbc1162,-63.12612253663617,-21.84590082542331,2
42cc31fb-3bc2-4d21-b821-2d05aca800e7,35.71386931364504,22.395882981963812,0
412b96f4-4463-49ab-aee6-78b3859e7b70,24.512010094783953,20.072670478391377,0
c5c93338-4046-4247-b5c2-ef133609797e,11.755072372274428,19.694810982838586,0
fac3e41a-3b98-4293-855f-d23cb01522d0,20.11400424772825,17.486906385864,0
c2e73efe-8112-48fc-9dbd-29b4b5b89ad0,4.316403570883233,11.131224529126278,0
06a03e45-7315-4a8d-9fef-d841a4a8043c,4.902927191454247,-6.67507975321177,0
0e062eef-29b8-4622-afd9-0d3f0d1c37d6,1.193569530089786,8.621309848800305,0
59c3ac05-7a99-4817-ae14-1584f2b7bf36,-21.899282136189104,20.598150821333743,2
1044dff3-e077-4086-8d78-e3c125ec0c84,-5.932986349085276,-76.55989567167072,1
3d31d7a9-76b8-41f4-a037-0dfe6a4ecb0c,-10.833493341291751,12.009047321664491,2
5042d093-d8af-492a-8c40-5aaea17d66e6,12.317500909409606,27.713671357889716,0
19afe60a-30a2-45f6-b4fb-de935154027c,-23.55511938030076,-14.26090374792692,2
29789e2c-1555-46e0-8e17-8a252933d84d,8.837638345491936,26.378868087550167,0
93f8d395-2512-41fc-992e-236b706dd281,11.04322928370949,8.968468306647441,0
a37efe02-9662-4b90-8251-003ccb96aed4,3.6671699369394295,-22.11047529784135,1
0b0b23c2-dac8-45cf-ba91-913776b00a33,-18.653591247732273,4.3453160357632,2
dc3a76a7-bac2-43c0-90e2-e251e459c659,-11.881921066963026,-4.084849577179534,2
ef54e4a6-4447-425f-be33-e428e5838daa,4.780453927566316,23.48501049538467,0
4c6f18b9-eb4c-4b7f-90ee-0c3194407be7,-3.770046639195332,16.86765886543093,0
d32c4662-2b0b-4f78-b031-e6ff5286664c,-23.772615867512076,9.5655933110313,2
d5926b71-692e-4b6f-a7e1-8b5afdd745c6,-47.578996236873074,-23.287561246684202,2
e5bcd6f9-680e-4d57-81f3-c8e6b40bb2af,56.44101103396165,-7.138823675345353,1
43d15c49-f348-48a8-b00f-7f6a7b605a04,-7.362979167587416,10.869910879431004,0
01f6286b-8422-4f16-bec3-871c86396790,-40.93399032461476,-10.564640582299955,2
22aac1ce-7a45-481b-b3f6-6393deeadcd6,9.193744308558577,22.142270243493755,0
0d9db3d9-8f0a-41f8-bf2b-5de447d676b8,11.166141534923076,15.851224339355408,0
bb06ad3a-4d73-4f88-8f3c-954dce2b38ef,4.662731316533602,30.439887903416434,0
8229679f-179d-42b8-a9e7-7d733fe9969e,6.552102324550995,19.73820772537698,0
2dd0b954-db3e-402d-9c06-6160e199dedb,41.6833208011264,-10.449145511516047,1
9899646e-d5be-4429-a7f2-0251bed9721d,1.8945120177570653,-3.8720270051564465,0
0c311d42-5038-4408-ac4a-5ffbb02817e4,2.4632111906689205,-57.846511084757616,1
2553a422-8136-4fb9-95af-3ffafff2d223,26.14714626181941,-8.771397457329176,1
24eddfec-08a0-48fa-bef3-a4b9bd740170,2.298548848296946,0.8513018251446149,0
a0707dab-b8bd-4a57-a890-69a3f4daacf6,3.5071711374281027,-33.28189575995681,1
7830107d-bc45-4391-b95c-787a246cf059,24.108936967184178,24.98343433635247,0
b47b2efb-02e1-4729-95ad-de05fb551bc7,-11.98707112092079,17.153641207056815,0
d635a6e8-ecb3-4f9c-a56a-af1d0c714d7a,5.009444130383811,8.58811446763564,0
e619e3c8-f6eb-4b0a-bf17-005ccbe269bb,-9.960788257362005,9.222127578957291,2
825c4fa0-4d98-402e-9c1b-9ee0a1a6ce15,13.97072336066944,32.27012520416932,0
a7bca7c2-8c54-4ad1-9deb-7f77c962bb07,32.35328184563979,-30.60927127397525,1
9d025af7-ba40-4329-9308-d039aaad900b,-49.8340796152698,-19.877480790062574,2
bf67d13e-231c-4cb7-8381-fb19c4fe90ed,1.8765511060246807,24.963609626305406,0
91941243-48d2-4416-b104-0affb8c46316,-29.135108566865718,8.699722231036137,2
b85209a5-128a-4aff-83d4-1ab336d82b95,17.37474734834376,29.408949108918954,0
4e3fbf45-1a73-437b-8d85-29aa0c8ac6b0,-48.562384223542715,3.5956549165571885,2
fcc2a5c0-ec23-43b5-b616-9b03c8ff4129,16.978402541486854,-5.777070350859188,0
4c915c9f-4e60-48d4-a4c5-7d055940b65f,-2.492077826123923,18.122568073546127,0
36bbebb5-ba1e-4ac6-83b2-67ccd05e4939,9.90993510400717,32.92228509373327,0
2973fc8f-d20c-4cf3-b183-2ac32df73ae7,4.977372237475393,11.716855988572021,0
f532a6be-de3e-420c-960a-23627589e7ad,16.37168735991611,-53.651582244520206,1
bb10d315-6038-4513-aa41-d50f20295997,-0.960731266237149,13.13011224787827,0
02a4ccea-1464-4664-bc44-bb6569a34608,-22.7445431902195,-2.089070624546381,2
fc70931f-4a97-4538-b055-8ed988ab601c,9.919054659784686,15.83935539894781,0
e20191d9-fddf-47a3-9ff9-d4a36af7d762,8.634635350072402,38.06535720459388,0
7ca1746b-d6cc-4207-b1ed-738520928744,-11.285145563220464,-5.200552792189224,2
d1d3d623-2de6-4d6f-b2a3-a50758f46b64,18.37824092294849,39.93000789923229,0
9c1779d3-6e10-413b-9df9-a9378862d8c4,-36.775580311941496,-14.01747198330301,2
08a14e13-810a-4862-9de9-16b4fea25625,-12.070182767828793,-40.28020348350388,1
7d2b6ff4-8f35-41cf-b078-3e78d0b81800,15.966120766192752,-45.09701101646055,1
f3f0919f-f9eb-4baf-aeef-c79fbafef237,16.369177546105334,29.171795187927803,0
31c69703-e318-4e31-aae8-c6cfabe61bc3,29.767809486705243,-43.46109686608277,1
e22c6b51-c27e-468f-883c-f71918330eb0,-12.766557110996743,11.857248271783172,2
287f70d5-cb97-459f-963b-68408f92c0f3,24.980782722966236,-46.87367039480321,1
45472a71-92d9-4492-9647-f1e8adb9cdea,0.9751882769953232,10.75662599536093,0
504f8320-62f8-4205-926a-a54d042d0e98,18.929393922548066,8.269728207674369,0
3d05d072-d042-4c02-aaf6-ee2e589003d6,34.636951105356715,-45.88408052161312,1
08429604-2dc7-4827-8ba5-80818aa45a51,34.187914924344035,35.28326471770956,0
85237b9e-67a3-46a2-9c19-3818522994b2,-25.006732620700827,-14.010869345944077,2
7e6ed4fc-b4bf-46c7-9f31-24a0c32c039e,-34.99989219317899,5.791397599027298,2
574d0a5f-8cb7-4783-8d5e-b07c1b3460dc,27.157428771368288,-7.831043104863627,1
cd23ba96-cc18-428d-ae3d-67a7a2dd3c91,60.115815014875224,-4.956472453672461,1
8408e231-e0d2-4650-b269-9a7f7ff4a597,37.37641291896726,26.544834892376326,0
1d9d65b8-5af4-40e6-a01f-236f45cfecb4,-14.165796156028286,-43.500747109318034,2
87c074cd-bcd8-4280-a12e-b205f50e139c,-7.877612579566458,16.93075880619259,0
2244c5e8-a873-4e29-abb7-e869a7d79e3f,-8.939622084595944,17.095314168628807,0
0a430a9a-7e63-41d6-8cd0-1dda1e1df975,-4.659894270424471,3.578336325316943,2
c285a0ef-5076-4265-be61-98c064242718,-11.862198704492354,15.958990225452798,2
57d2c12f-e3ae-457b-b92c-22002aecdba0,5.51617057102166,12.624828874293192,0
b02ec16a-9dff-4b98-9960-73175454082a,36.198511335970316,-21.571230654993805,1
c9dffad1-99e8-40b8-8954-1e50b98a1a55,-5.615072528052695,8.147429569940876,0
c8c4129c-48ca-4df9-9ef8-bab2a794ebbf,-2.798368804631778,-37.47130317921447,1
05e15869-61fd-420f-b0e4-a2faaa814aca,12.24226914656875,25.181955269594496,0
d474de4c-c01d-46f5-92a6-7513f7a38eed,21.61967398578597,31.730904243110537,0
f2ab4258-222d-4a08-a805-3628048ebf1c,24.48908429985561,17.93147454165197,0
f1600b0c-f3ac-4c19-8c43-6af450abb6a3,15.582307368618906,28.83373794055847,0
05b55f88-290a-4abd-bbc3-44561ba1f8b7,3.132385255064723,25.78004738632856,0
fe15bb7d-6469-4778-9dc8-9e4c5877942c,27.594444278270498,-43.19189960971957,1
767425eb-9fa2-45bc-a3ad-ca8dbafd373f,12.874756668624576,-5.749204841103421,0
9b652843-9c30-4c21-8c39-ef9e21ec4ec6,-34.81084581083205,-6.9240645956172004,2
dbb2f12c-e200-412a-9023-0126d6d69a52,-0.8013361764920904,-64.61837825769994,1
8832d658-24d2-4d12-a025-959d5eed1271,6.788020098044175,-62.258486205461566,1
6fb7c578-dec9-4fe8-a9bf-3888bb765658,23.45582148931604,42.61256123167586,0
3d1bf8fc-c86b-436e-ab0c-3734af129b09,-14.45256776640491,-2.178004205645731,2
e7a1cdcf-ec99-44fd-a13b-604cf15b2bd4,-5.344189320327135,16.368990032534764,0
a5ecc76e-a696-4e90-8bb4-7a9965e2f8a8,8.18036866448935,-29.637916164142833,1
fead73ce-2e66-4647-8b6c-b8bbdaaf30fe,37.36671857977571,-15.185121918011887,1
5a277308-f1bc-47b3-a397-aeabe9db8dc6,15.884941613507753,8.20900232079855,0
f9a27067-7485-4c9f-986b-878aa6cd132c,1.3748174422114054,26.52825292737455,0
6ddab78f-8bf5-43ef-847b-f68c15475d46,-4.874717122360414,-7.785404826987007,2
e590db5d-2577-43ec-9d39-45a257be5562,-32.750480748231425,0.6928120669438855,2
6d1979a2-956e-42d3-a192-01d872e36d22,-37.746927461919185,14.378269966194035,2
d1ad6c3b-4e2a-40cd-b3e6-098b845d59cb,33.449504903964474,40.647084612005806,0
553e13f9-e00e-4b05-b934-c3837ad4d02d,-24.386519852585124,11.698318877706178,2
1bc678a3-1850-4ab6-874b-d68992fddc7b,-43.12540533173886,-3.2342883093450894,2
c7e61a1c-fad6-4fc1-ba1a-49189d4fc0f1,25.32209589323136,-0.7430773651982379,0
960df455-dab8-4c59-9a99-579cdabe4d19,-15.602599210196988,-5.770482614672582,2
f77281dc-f8c5-4da7-b151-873b03e986ad,-1.6762226241893903,10.796062418795913,0
1990cbfd-497e-4fcb-ad10-251e410c0d29,11.744491472042112,-5.419554683537258,0
94e93460-c9fc-48f9-a2de-3722231f54b6,-3.346831614986064,-7.703647744360093,2
ad44b37b-0bd2-4289-b03f-d52858da2d0f,-15.579588593465635,8.253105741832172,2
040e40de-4c19-423f-98dc-151e2633d085,-1.5981810508933927,4.718722629575343,0
1467bc96-cad8-4011-962e-d43e6c725f63,-13.232383268371906,11.66620864234359,2
2b9e2225-fb4d-4bc5-8c9a-58cd993627f9,31.58124784285193,16.054347573267265,0
2429f1fd-8612-4944-a405-296a52daec57,-0.6488730669168764,2.6755952331572592,0
9ae5c03c-326d-4492-9cc3-4ba17beb09ad,13.445252568228012,-49.61205250671879,1
9ba7cd75-a96c-4220-9f57-c9f0fb545a95,24.322100607641925,-43.43248314708784,1
b6df0d7c-1c41-4b7d-8685-ce6fba4e7ab3,-40.834187983403595,-13.382812388881009,2
23dace7d-4200-46ee-8501-96c4b5084851,7.530580149859334,17.945266677125588,0
0c087071-89ba-4fc8-ab47-c4f1c60fa24c,13.194584987826628,-58.19886995639669,1
4614147d-8f49-42b0-a43d-3ef88e6f0af4,-39.43746593116179,6.130804689176569,2
13fc37db-3160-4e82-bd63-52fc295e0e19,-38.28400980138798,-0.07480443804654617,2
ba2e1bd2-56f5-4dfb-94b5-92c50c58b31e,8.8245129555073,26.20657229544019,0
5842a066-d158-474e-a4db-034f5797d865,1.68449585854606,-57.972440911774655,1
834c833a-1e2d-48b6-87d5-e19bf2db6e1a,22.706614104165578,28.50207657690826,0
4387a2a8-5011-44c4-8027-61d5ab3792a0,9.95989305836888,9.587658183277313,0
2df3cde4-5d53-4e2c-829a-e609f1d92a7b,6.095863582292795,5.649814863353302,0
97a50d88-e662-43d5-9cef-2915545e8968,-35.041349216030724,-4.682011288019101,2
6e79eeb3-9eae-45f4-92a5-fba71c154c1a,-7.0170169587489175,-8.65034010852953,2
1924888b-3b46-4079-a403-d758975a37bd,-12.906435417969666,10.44554767487265,2
a32190c5-a193-4e90-ac98-38a600bb10f0,2.7452036023620963,14.973425120505997,0
ee6709eb-718c-4a0e-8b57-3068e0e0fbaf,22.54857659345723,-36.54393501345172,1
021d9e06-9d27-400c-8776-08e89c817b46,21.315607393874576,-5.7032623896569214,0
b25117ce-5a14-4b43-bbfe-513b957464d0,25.881613795011862,-38.67708882239283,1
b44be803-b398-4e93-b459-40ecdf2cb130,48.00917058387496,-22.632452778337136,1
09cf8de3-bb0f-434d-8cb3-9f5eeb264b6b,27.119653760538785,44.32111796071704,0
92e1baff-0f43-4841-aab9-fdda0078673a,15.98257550590902,28.19470526318432,0
89f7da93-c1fd-410b-8479-64ad9bed850e,11.945896905652795,21.52302615944508,0
3f94086c-9e16-403e-b191-e03e9b6e3ce2,61.13508933238054,3.026517366932242,1
ce362483-60b7-4654-b201-834c60e38690,-2.7297520245781253,-8.189967377317622,2
748e4eaa-2b96-4dce-a903-c7df733d7f50,-0.35732947846883284,14.800723227509218,0
853013f2-fee7-4489-a2a2-fa36112a1c73,-35.85432045127236,-1.5141698826163628,2
3628bc49-6968-47a8-96e4-e47421a7152a,40.81889210010225,-32.76454997484523,1
eb805bd1-e1d5-47b1-8bbd-31f91fcee225,41.162558176622674,-23.071517890643072,1
0a72c39e-889a-4990-bf96-6c7b9b8c1124,8.33899222151518,-7.567046355434126,0
10ce58cf-c9ee-4be2-899d-4c20c788effc,11.354630423499236,15.790725199069854,0
d0d2b8fc-6915-49fe-ae4a-f80e2d090cf5,-28.84097938337751,-18.329567762101213,2
b58811d7-8ee0-4b65-a892-17319cc9ecaf,-12.832911665114171,4.149254733207517,2
139b1f70-02f6-4f5e-84b3-81d3677b3f8c,-3.3341457677299102,4.579304503138141,0
d77c2ca5-196a-4426-84e4-0ffa4a3667ef,-3.049482007965378,12.71980103533273,0
1516c4ec-98c0-41dc-9ad1-86cc05305fc1,-14.814137605452775,17.035970955535596,0
62aa3903-4f3b-4693-b5e5-fc5abce184de,1.7978688076710552,17.27841052749944,0
c568f4a0-601e-4b45-b69e-cde40d94bb3d,-13.704243027976306,5.523645832445114,2
a17d056c-59ee-4c93-9357-19d57f108144,-2.7186460619680273,15.750863258426,0
6365a756-2e65-42cb-be4f-1f726915ca94,-16.101347229915195,17.99042040603964,2
952e9924-3a48-4572-bf4c-95e5049e452d,1.1460450360755945,27.368248517749755,0
9dffcc09-6ccd-4f12-ae6a-1b8b93fcf29c,-8.123283682941123,-1.7856734682395792,2
fa94f266-1ed4-440a-8d10-3c72ce4100ba,8.169288435326747,10.462393957341522,0
22c90647-bf63-49e1-972a-0ff9000b674b,18.331030599389454,-48.21110854696443,1
23b6c182-bb01-403a-9844-560518d059ac,8.338295753147413,23.1724465528963,0
71c9a6fc-0538-4533-af51-f7c9defe7770,26.0204438112925,-1.6816803750292995,0
8668654e-c441-4279-80e3-345787c28922,21.09042142984092,10.511617907675689,0
48e1886c-614d-4e2c-bf34-936fd82969c1,4.813849541384892,26.51859484781845,0
a068f661-e689-4e30-9572-3103039981aa,14.492786811518277,26.258736498866863,0
840ce2d8-5bf8-4a2c-9739-e7dff5d7cb21,-5.280655344896397,20.21618117630253,0
1a2bc49d-edc6-4b84-88f0-73b6ed250d1b,25.90535027442173,-41.19677653831905,1
f738acc1-0445-49e0-a279-3469620c8d4a,-25.948840882359473,-5.750574953794396,2
eb44c266-8b8f-4012-ad67-f4ac40698391,-6.289619570864519,9.295549396995805,0
7733c059-09bd-40b4-9812-4bedd68d9d01,31.731327670989018,2.1368634742770216,0
e97a2bf2-c5bd-4dbf-9940-450a8a99e9df,-23.018424876516924,6.780248991168953,2
5dc7afc5-90d0-4286-a6f9-c2548f930e35,-26.475102761542644,8.473032101199111,2
e8909d26-a289-4dc7-a819-5883c621efac,30.26751912628214,7.982160634675332,0
b72689a1-2c14-49db-b489-f1627353a024,-9.919330755009009,-28.81356547629761,2
b773c30d-f37b-4aee-8330-a159d42d3019,11.349646794754838,19.02567938753161,0
de01516e-43f0-4f96-8ac6-ab543a314829,-30.515716023377966,-0.04361347059295128,2
039eaafb-c311-45ff-9df7-30c1b0bab00a,-16.084164081311627,15.970913422711657,2
22190dbc-a176-4f26-96d8-c2d2667b64ae,16.147218509448,-34.960414782049135,1
4665ff5e-adb6-4b88-8a42-cb25c4fda0a0,38.61268807028812,-5.964761128998174,1
75668632-f0c7-495b-ba34-cd4b00aa9450,-4.842032316176979,19.74799420855376,0
3334577a-8045-4613-9a1b-e79fd62d5d6d,20.471057697125904,-45.338434974767615,1
f3d3848c-9ff7-4e84-a35c-f6b6e3a57605,-10.663986269091508,15.618435171904263,0
cc66d11a-33c0-4247-9072-6e7c0d0b6112,-10.105268830188919,-3.1473185564371424,2
08814ce5-fdf0-4f06-aabd-bf7b2738cf43,-3.4153598928428495,1.6341473822589736,0
713df9b5-ea25-464c-b13e-fe8b61fe363d,7.799872963242752,-14.243757095180085,0
11ed8e05-8f30-460a-b502-01ae09504315,9.831267640388878,17.71042564284854,0
ab3b04d0-d1fb-48f4-aae2-9ef96c9f5fb2,3.008689683155955,4.5070852928600615,0
f79d6a7e-eaaa-4382-a5ed-600cf8d45824,2.630220358143278,14.859303803583407,0
df6189e5-bd61-4be2-9d31-efef56cb4739,0.23234772406440662,24.309359020693666,0
5c66dcbd-024b-4a7b-b3aa-bbbaaf91ae78,1.169922218664966,18.683652131193885,0
7135f14b-e84f-4ebf-8d95-b2a3c843fd4d,-30.66759164572275,6.236333539661955,2
10376443-40df-451a-91e5-6be34850558c,-20.171876745166852,-25.35756369287323,2
f5b6634d-5891-4550-bde6-7a0383e5e3da,20.082951148770608,34.80111881577063,0
fb27491d-a418-4957-a387-9a4e4de84b06,9.926912545279519,0.7763762997866966,0
07aa7c0a-ef47-495a-93be-b23a799d71d8,-33.23619616468645,-23.46101857968031,2
d29744c4-3aa3-44b2-83fb-0e74ba697cd9,41.903687111977135,38.298692820616154,0
99df3cc9-683b-449b-bcf4-94bbff09c90e,-9.549526752249134,1.403290210153842,2
24edd191-20a1-4887-951a-3f0a753d43f8,37.70872984898471,-33.28968028079576,1
866770c0-c4f1-4ed3-aa96-7ff4f7328323,13.72014097099159,25.79032011714147,0
ae4a5866-347f-4850-b4c8-a009d0765021,-33.79695636574511,-4.35109004914269,2
db70cd04-821e-43a7-bac1-815a30172be1,-11.63155829733432,-24.315741972598076,2
47750d31-987c-48bc-b5a2-4872eecb0ed0,-47.714458049656805,-10.853284898890498,2
e614fbb4-7574-4704-9525-c0aea4c10fc6,13.225587149041965,-11.598573274634106,0
682169e0-f36b-430c-896f-c93668b4ce78,-18.714773072137426,-5.188555387144562,2
ea16db3d-eb2a-44b3-bf22-258e583dbcf4,-1.2051545579681229,19.969497418456445,0
7caf8867-7cff-4dbd-b611-4748d86590a8,-1.3689183973096521,23.26630650189062,0
68a74e5b-649e-4568-8616-d2292a4eca19,-2.8979390375821326,-59.439686362938886,1
aa3cbc51-b74d-44b1-9043-cb2b9855a72b,-28.852564769630867,-3.2658099720375873,2
ed1fa4ae-5e58-465c-b106-379f7456656e,-5.838251797458939,9.93660484701857,0
034f8d01-f664-494b-bc04-77485000611f,3.5763392024672913,15.637692526330387,0
3b1b46e1-f475-46f0-af79-0b9296164be3,25.959150210712853,28.784992790255586,0
a6752916-4437-40a7-bc79-d21f52ad1f41,-0.48660025634271753,0.3426349211306883,0
0b59b278-d2f6-4aa6-bf6d-b8d743ae83af,34.15218786204597,-40.380138330587364,1
e862a544-f553-47fa-ba8b-675e0ce7c5bd,-6.767097484294906,18.34892156571375,0
b4b81763-61bc-469b-a048-eba733193262,13.955588559673703,16.780686953700265,0
857c6778-f94c-4b61-9df0-7ee340fb88bf,7.786169936202625,-16.18599961239497,0
c95b28ad-6de7-4494-b88a-7fc00ba9ee0a,-4.815556513093968,13.948305090222497,0
2f05f114-9769-48e4-978c-6bfe1f2f372f,-43.09520791334285,-4.035817639095344,2
11d450a3-4578-4444-8ddf-613b5868b683,-14.589655383176352,7.479936316670601,2
1ec0a33c-5b2e-4078-8226-48026f7d5c82,24.743693119880554,-43.395133448235704,1
a95ecb1b-9dd9-4916-9b73-b967278f3d85,3.1138355687847037,16.694647729874884,0
ba3f32ca-85e0-467a-a733-99ea832ff1c3,-35.26709837153491,-4.9750346805648356,2
444d0a78-82fe-4a80-9b41-d7daf98506ca,13.289198414176973,-15.830159164822819,1
8c22f448-940a-46f4-a192-f389d1931f0a,34.882136745913,28.763356371712604,0
b35809ed-747b-46b9-9921-e14d859e5b5d,-35.12077501454255,4.465047393263512,2
689ba70a-9664-459e-aee5-fd16b3b993a8,7.994816692996831,10.26145517192426,0
222dd9b5-4187-45b9-8cb1-fd16ba14425b,19.67355840189394,-6.099716831871747,0
1008e8d8-a93c-4779-80b6-1272322e7c52,-30.214017360183135,-28.784363228045596,2
2100a159-27a6-47f2-a2f2-58f5343e88b0,19.515007677516447,-40.807472658309585,1
273bc6c8-f5a9-44df-a707-5274fcba8362,19.905945459092838,21.78581394548665,0
f6c907ac-5dc9-4bdc-b7c6-3bac9f9059d3,-6.519774182605958,15.099623638929213,0
8923da54-2f7c-4315-9fc2-a1d6502df55b,26.474003154540792,21.622441843373696,0
586df577-513d-4d43-ac47-89c52f322d30,-27.507456471844865,-2.6042409024349973,2
deb14c1d-474c-4d6f-bb8a-2b6df5dce5c9,41.2632596961835,-21.548370472756517,1
3f91fef1-b62c-4884-a882-c99bb6ca9613,-36.31302414059954,-11.818886397169651,2
5a61d29b-5ae6-41b6-8842-865463f72990,-12.56265897449402,2.9616605951418777,2
2e64abe2-6024-4d28-9e09-560ce2a9fd15,-10.792162995206372,-1.1877266931745332,2
e1ef10f3-a1e2-4391-bfec-ac6b0231ae5d,-19.452105229967472,5.480715879880159,2
e0e050cc-5e2a-41fc-8394-b4816a9dc8a2,-9.143134178503795,17.883276833999474,0
0d71189d-6801-4d6b-b306-22efcaa2564a,47.52325368655679,-20.228134439116175,1
c07a2fe2-d51d-4fd6-a36e-9f04fc3b6c05,32.65992260354831,-39.96538760816353,1
b161c26d-64b1-4e03-94da-4f9b9de25e88,40.192820721899764,-22.182959361192037,1
096761b0-f4ca-448d-b78f-58469a508798,-17.245341678866318,-4.234815239560121,2
7e48e080-0ec9-4589-ba1d-6f7a1f60a010,50.28011975891741,-12.861704190681598,1
c9c9c085-8e23-454c-aa36-cf59e8dbc587,2.885050986899487,13.18045028324319,0
96cd848e-50fc-4244-beec-8d18b1703fff,-17.266490604779072,6.179922839877183,2
29246ea5-44e5-43d3-be04-c038c20db027,39.11882824711993,-37.62388889303503,1
c8c213fe-4ab7-4671-81cb-fe09b11fcbe7,26.63406159065464,-39.624089570141955,1
663797a8-ffd2-48a2-a5f6-992b5eb3c745,19.72849590272052,23.710894416742125,0
1babcd23-5abc-4f27-b367-a093590e9f6d,-29.434824202632836,-25.24387195329088,2
1c9253df-acb7-492c-aaa8-7718fc778f13,14.342221300217423,27.167839487290554,0
b2868132-6476-4eec-9032-2a668d894baa,-23.28127981483931,8.198603150759027,2
c9496c77-cfbf-42db-a862-af0b878b9852,31.05018496457767,-7.948395325789994,1
ea55206b-29c6-4a8b-9219-cfd28c29117a,-24.69469367100959,-7.782816794688514,2
daff3e2d-69ea-4c1d-bbad-8f6cca9bdc1f,13.91342996305101,-58.2476090176147,1
d769bce5-c92f-472f-8bb8-4bf4593e29d7,-27.391195792813026,-15.057283573961783,2
0af3ed73-d962-492c-9dc5-85247cd3de03,1.4778846389055884,13.157658369416255,0
6a8e570e-dd05-4c06-9ed0-52ba0727faec,-0.3675292535350109,-6.0274339112683535,0
e6e7d36e-b6c6-4e54-95ee-ee20e6f1f80e,1.5293710868231267,6.341724191979542,0
c54b98cc-521e-4790-b67d-9dcc20af8c76,-5.2067722093799516,12.618744149632088,0
bdba14fb-88aa-43b0-8c25-53948b9935b7,29.45680791499708,-29.45671455930238,1
f18a5a92-2b2e-4834-8610-df98760db5aa,17.302490743058854,32.721010959798065,0
98447eef-e5af-4bfa-a215-7a1edd601c46,35.13019264812653,34.7014555506664,0
50108c12-718c-48fc-8f76-23ce0c13e2e6,36.87726553576788,-28.882943898720757,1
c0285709-159c-46dd-8bd8-50fad06513dd,-13.04257448065697,-11.912996018088895,2
94027f46-390c-4dda-ab89-cb1ac0a291cd,-12.9266172927557,-3.2488792085425153,2
1406cfa1-39b8-4ab6-a960-ed6f38bc0f0d,-6.012389179222994,5.935829673315521,0
bf121f27-c765-4f64-8a9f-73c30427217b,-35.1409342677687,-60.300460478514196,2
1742c1d9-a359-4d9e-b1e4-1d162472e67a,-6.962724776365024,22.583617088608285,0
0631de29-6e9a-4928-ab8a-c76bd44dbd45,8.164949037210862,20.001123516801407,0
8b7eaa6a-3ea9-4bf4-b814-7b2e7dbb3528,-18.592512300260417,13.952795479199121,2
5ee2f830-f808-4e6c-89c1-6c90859958e1,5.668192666077954,5.725574204535775,0
a615ef14-a590-45b2-91c9-74a3cae19619,-24.189379730432105,-8.001101848316122,2
0fb8ee34-b7c8-4ea6-987a-b69c00baa53a,9.777312442019086,-5.495081923829005,0
b8542fa9-5521-48bc-ae1b-4e12a1744e0d,-0.9117077546564936,12.718516987362843,0
db5dab56-838e-4784-a7cf-f05296e356f7,-30.376652673371424,4.577858505873595,2
f4bbad06-fb0c-4064-8a05-18b30a16207a,-18.972266426667876,11.99128442179814,2
acda1855-14ba-4e05-89f7-50f7823f38b3,28.608906358166344,-27.985781384151302,1
5020cd67-6bd9-420c-bc6a-1cc8f2f78bde,-7.990304998676803,20.28767048762755,0
824f5b0a-44d4-4ccf-9277-1ef752462bb3,-21.41982551862894,8.808616428091216,2
be880db8-920f-4bd8-9f67-34e3ddd61f2c,0.5634496619398168,10.620129507865043,0
92914efd-97af-48e2-b097-e91129f8c1b2,28.178697917893484,-31.966275378219958,1
c091a9db-8d3f-4dfb-8658-b6b8020c1d5c,39.06991376443286,-8.319572013188525,1
420197bd-db07-4df9-8f72-3d7d509ae1d0,-11.306491072654078,13.734970140861574,0
01ae5613-1c58-4d02-8fd3-47d35d71c22d,-13.296874193590169,6.543866162474154,2
deba354e-fcc8-4a00-aa1b-63afc9cf2861,9.980263399196478,-39.82575239711318,1
f6f90b5a-51c6-4402-aab5-081f5e2931a0,22.523920380213863,30.8678660869417,0
752ec80f-0c1d-4c66-9927-a32f2f9dfb2a,-19.145137458844292,3.246769847577873,2
04ed1bfb-533f-4d97-a7e4-3e7bab103485,0.7552276284653565,7.909875253663638,0
0940092b-46da-4975-bde7-f205fe12707b,-15.641352433793516,4.002966425329925,2
f72da140-1607-4609-a6bf-ebe538667a8c,-5.929751119819714,2.7814141428085053,2
a740aa2d-a410-443f-99f4-3a123deb2f41,-23.22188492952023,9.710370919713197,2
a4455185-5506-4392-bd54-5f9cda2274d2,4.316592648877065,10.110076622392,0
0394cdb2-85e8-4cea-b572-4cb4ed779774,25.074795156540336,42.00602741851089,0
83f93d3f-d038-4773-a671-0f218f53821c,-14.530843709511194,5.385250624143036,2
0c814cd9-5b2c-4764-9e6a-6ad0403fcd7d,-32.47857857705768,-1.5173826400979091,2
fc5b682e-c00d-4840-8c11-f17abe059fa8,-25.17386369480299,11.830489255801615,2
02a50d1b-ff62-4936-a0ce-ac0e22a5b41c,24.426352723742873,-36.613470518182986,1
f7efa9c4-e7e2-406a-98e5-596f787c810e,11.48967171308705,7.623926560171084,0
92b7faad-a817-4464-a074-9b64bf25fad5,-20.722060592983524,-2.339135832623583,2
54022a08-1016-45a7-ac33-5a40b4b5e6b3,32.782909634152276,-43.009469847630015,1
08ccd8d6-3e9d-4ece-a421-98acaf272569,5.973893079348783,4.766754772368765,0
e38d31b7-ad89-4fff-93d5-05f49998727b,7.636162868616191,33.10456977479524,0
49ec7f30-d687-4124-a3aa-17bffb48ce26,37.72963552982645,-38.06306392926132,1
68503654-dd77-48f1-abab-aca55258dca4,38.37854094647044,-21.197707041862596,1
c2fe2d79-efb1-4e4d-a297-bd6b15703d10,12.962552083864804,28.920339636024835,0
52ff2501-c6d1-4469-a2b7-c458d98cfc8e,23.313054878262335,38.14023897686612,0
f337af94-788c-4de9-ab62-8627dc88695d,5.050772929289842,22.312863794716385,0
13295142-1853-417f-a798-60c41fd90166,-53.317529489942686,-29.48780783093339,2
b1d64529-4f34-4644-b0e7-20606827ccd4,-5.6210089265076775,-58.51340230751703,1
a33f7e32-cc76-476b-b35c-b03864b72cbb,-69.6208924697063,-46.26099645788478,2
144d0f39-feff-4dcd-a07d-abcc400e901f,-22.236608274435035,0.42699124526786525,2
3ffa2cdf-4a54-4362-a6cf-b0567ef69551,15.278008156590165,27.147174464167566,0
a78e7939-a1ea-4b9d-ae55-3c1dc985bbd8,-11.149044891811451,8.954631626734288,2
dbc4f72a-3937-4092-92b8-d52c6b0c3340,8.22817299104999,24.865227963861756,0
352ec91a-6c0a-4d6e-b6bd-4237f5eebde9,35.50719698025508,-33.07753052412111,1
56c85bd5-c353-457a-94a9-91a3cc0ac4e0,-4.906629703026696,25.06989184632901,0
6e209f42-3c0f-4f05-83d7-c982448ccb87,12.714908318205666,29.75058267630073,0
05ebe1e0-bf0d-4622-bc45-b0eacffdebcc,27.231794952563092,19.896724668164275,0
f1d01b35-7a63-48c1-82ae-a9684906ef65,-12.49474191818241,1.9807474423923583,2
ca701a41-b397-48b7-bad4-09ef8b4eb462,-0.0189609524140499,-2.0607630823616767,0
eee9bac6-9fb4-4b3a-8b97-cebac861a00b,0.53632331966337,15.675210844365223,0
e06580e9-0b4a-48f7-9522-d54229aefb2d,-11.887247882400281,0.37141374173169406,2
e558015e-969b-4354-9bc9-219a60092734,-15.720273103864482,-3.458149905058945,2
876216c7-72a1-4b1e-bd2b-fcb125ca91ae,4.931772694682807,21.190246316652168,0
65c868ba-94ed-43f2-bfd1-814979ee9486,4.554555445706708,25.699544050538908,0
65b4f81a-4439-4d82-ae25-68d63309b053,53.75041631157268,4.508819428607216,1
65ba302c-51a9-4493-8d28-e7bc076bca54,10.67117649222102,-45.103754075244225,1
a29c8616-0f82-4515-870e-68887a628c92,33.89235627085726,-18.271056556391486,1
5383a729-554e-4d3e-ba62-449f45b7567d,-6.614966400348134,6.806496788891986,0
9053485e-19f7-4d2b-b4b6-361d908cc708,-0.2701286990374952,27.25206036335127,0
1d65448f-dcba-432b-98d5-f7e87de4f9f6,4.9995005799992445,23.369375828427202,0
c4eb8167-4c62-4a41-b9a7-f3259f945d9d,14.56405013159259,-1.4611853866493656,0
f988afae-48f8-4ecc-bb84-87924b454bf0,-12.961781397207066,10.026602218430925,2
3f32cdec-5a60-4147-b313-7c9a9dfefc78,-13.92655448664664,16.413885111696146,2
fd5d7370-2c7c-4f6e-a236-e25366e463a8,1.8013463748475516,16.625178289525532,0
42b32308-71f1-4f21-935f-7e4e5751e332,-1.5460311718078816,7.749275705335941,0
ba295155-272e-43eb-9d6a-e4c9c392e68b,-0.4439904236886833,29.34162911688465,0
857c31be-44ec-42bc-ba2c-5f17ac1d9a8c,-50.852812426800874,-7.736549768564207,2
ac175796-57dc-4de1-b6a2-eb71416e4c47,-4.939313362414645,27.061073053749908,0
cf86835f-2bd2-4b15-a9a9-66fe369a560d,-25.895226734513397,-6.725211922967623,2
46cdbe65-5610-4903-9452-518fd6d5787d,72.06972035529047,8.254677614977105,1
b31c9e1c-be79-4264-81a3-40b67f1f0bde,15.220457105445622,13.723648294350085,0
a854c368-6e81-4ade-9ea9-afbee1c4c448,-27.138719669119507,7.416001779531581,2
23f366c0-41f3-4159-86f0-5fa3d0059761,9.32647686947599,21.28619099788972,0
06ce7b93-1264-4219-8a2f-d8f0d295e45f,0.9838312141340245,26.38446594002324,0
61325789-0b1e-473d-8b71-5ec13ec1dcb7,-3.602056211159165,11.868685775674908,0
3ccab1b1-39f2-4947-bbac-1c25750f0464,6.656241497228679,-31.565516277099583,1
64b12ba7-a481-4fdb-9c74-38c94c7ef3c9,4.850262048043031,-4.131013994065472,0
2dc9eaca-6dfc-4e7f-a12b-1495986e1ad4,-7.215847967894141,-10.569889086693378,2
204cf188-2162-43ac-bad4-8304622f3090,-17.778377421050703,20.721136351761086,2
4fc53009-8904-4336-852b-ee2aea40f5e2,17.274575060413568,21.94768064144508,0
0db633a3-b1da-4caf-8e2c-89c0bc422869,-2.3616384335952576,-1.3604155569067917,0
e869b178-9abe-44ca-ae6b-a6caae1834fb,10.49636864914041,8.052280619704824,0
82d0130a-9bea-443b-bf46-32fe0a2ce84c,21.422673506171837,23.09338648739885,0
7c3fbd41-7360-49e2-9c5e-9570dd24fcac,-18.56939081260971,-79.53426823715743,1
23b39087-8003-4e5b-a1f8-b50b0919bcca,-0.6791269508342018,16.816874233346322,0
ea030b7d-26eb-4f0e-b7b9-c6b165061118,-4.845047031185833,11.938721858229133,0
1c3dbd2f-1c07-48cb-a844-0b1b3eb14e0d,-5.948527419361709,4.156434617640121,0
aa3d8e3d-68cb-47dc-80c0-d50917cb4878,-41.55973292909022,9.128553768239808,2
677a334e-f2cb-455f-bf50-05e23cb2a7ec,21.97791596653049,39.18254249164604,0
62e41b20-5f83-43c2-9887-809e97794f04,13.414958231592502,-58.7787066784817,1
914508e1-ccc8-47ff-a225-7aca326a54dd,4.972515325122708,33.197830542404496,0
9692b4cc-6c7f-4f88-8854-769568f088ae,-42.04883708998107,-17.93835085683744,2
0d6fbefe-4e21-4762-a476-9c899d4a94b7,4.618958348952271,5.7951615236338805,0
e843a939-f1a2-4e98-87b5-69abef893a51,15.306978330249837,-28.943101916303977,1
c84dbd50-ff69-4824-afe5-1eaec5780d27,14.484464650812122,-52.3739404336379,1
a410ae33-9070-4d1d-886a-21f04666a6c7,-11.593438159758454,2.175234446767146,2
754df69c-2fab-4037-8673-fd3be673fc09,-39.23795620152638,-10.081804277853351,2
b69294e4-e359-43b3-b3df-04bf9401fb9e,-1.9988106792322107,-7.100151889762033,2
488d0d81-4872-4204-b8e8-745e64a35d65,7.587382135908742,23.99931876487483,0
30a67cbd-940c-40c4-9f86-a8ba9fe63177,20.399199955897227,29.774164238445504,0
cfba3fd3-4d84-46e6-9c12-8bf8481b35aa,48.331520887664354,8.364991849659543,0
bf858293-b533-4a73-ac9b-568109ba05d4,52.2559703009232,0.09054185226415407,1
a455069c-8869-4af8-949c-edfee0a05f51,8.805400960328628,-70.83121098796468,1
8d1641ea-7552-4d23-9298-094e0056386a,25.08416719138247,29.995383074015827,0
2f21d781-2df5-4de1-a595-a61507cfe610,-10.099984132202557,34.58933756938163,0
5b858b45-79a5-4857-b59e-8c56a8b04320,36.81506964403006,-28.144960197342108,1
507de54a-b4a5-4778-99fc-2f4f45c6daa0,39.919490673521295,5.313038360919642,0
ede34eaa-699a-496a-a3d3-8ef57ddbdb43,6.556450671279708,25.177950935427877,0
56cb5294-9156-4930-a3ab-c2607a79b65e,2.007599060314007,10.291378144369375,0
265fc9bf-8f99-4422-b78d-78ecf09b0e53,-8.666363421672155,7.554881648648441,2
b35a11fb-548c-4b6c-99e7-c4114be6411a,8.945633984985182,16.130552474052507,0
c763a483-415e-4cb4-9cdf-4e6c31e8a9c9,6.9775835921221026,26.538343049248294,0
8afeab3f-89ee-4901-8a32-d13587dbcab5,-7.2129354928119405,3.5798320223979148,0
0f168687-6f42-4d92-8f91-13efde785a0c,24.999855689000906,28.31668197236479,0
f3eb5b26-5414-454f-a01f-a282b0369596,26.609342617334857,-32.441103774239956,1
fb5f0118-87fb-409f-89d8-9bd9f06867b9,-20.970078038009273,-3.2006755466888714,2
e3142cf7-334f-4f34-a5da-53ffa4e1ba33,7.897514658038044,35.00783630626394,0
1e742dad-8e44-452a-bf2b-9b8ae1ed8bb2,12.975207910216024,-36.42793704293333,1
e6b6dada-24d1-4020-b5c0-3824670d079e,-6.938850572749274,22.144496575970873,0
32fdc0ce-d263-4622-8f8c-3df009bf2535,35.51227343311026,-21.697436176513104,1
1d6fed92-2d3c-46b6-8760-31bc1254cf65,12.946703327793097,22.79186148417061,0
5fc65e17-1d90-411d-b01d-f6aaa72730f9,-22.603247639685787,13.500563128623604,2
b44d9209-0e37-4ffe-9c27-a969a421b3ab,5.515277603458385,25.879182241039672,0
c50adee7-f053-484e-8a2f-f66c94a14fd3,-9.161185846103216,14.995173575138592,0
d1f7678a-8106-46c9-95b7-5ec5d940f08c,-0.7524048582335628,0.4832740753116304,0
4066800d-0b9e-4263-ba24-cab271630e41,-17.769344879435675,8.701170727100568,2
95e77e5a-9963-4d65-935d-893a5dbe702e,-28.629721656337832,1.4057805259236704,2
baf9135d-d8dd-4e04-9115-4055b81fae05,-30.714611182018352,-3.73451257611336,2
3cd924c3-5000-49de-a253-92d1cfa9a09a,15.036800870869728,-36.20080274454347,1
951bac30-0a85-4dd8-8470-c1a3b84817f9,-30.82201473470422,-0.6116885237599856,2
3a6cc4be-eff8-4725-a416-46ed35316192,13.425031781608212,-41.18287666086316,1
4ee78309-dea3-486f-95a8-ca283a1b70d9,0.3347388252602857,12.805573597988657,0
697cb422-6fda-499a-b808-9ca2357b9b51,-12.25684799240022,8.238286567115317,2
87e5aef9-f493-4e46-bb5b-7cd18d5e30fc,20.77086328228858,14.890168022001378,0
083eb05f-0af4-4f73-bf09-3806eb3b71bb,0.3599258798277508,3.749275731679647,0
4331397f-eaf9-4e43-8fa2-e30ad3643aca,5.028941478282874,14.954117683536785,0
b4aad532-f92b-43d9-820c-f3c98e382225,-1.9071532853759505,20.098541170923294,0
18cbd510-bce2-4370-a00f-939d562ba7de,-9.938092923302296,1.2968090295768704,2
0ef46de9-c9e7-42f0-92bf-c17dc2ede102,28.64923416372838,26.708788945199224,0
a5e348aa-d0fd-40fb-a171-b51a36e53612,-13.160124742181063,5.7642816747406425,2
38b11e1f-1db0-4733-bdf6-fb64664027d4,-30.911373259132493,6.896900221381102,2
8c92ecf0-5d81-48c3-ad9f-9adf51860962,-27.20781271043142,-2.7171161738907217,2
650319bc-20e1-4451-bcb5-a35c360060ef,-34.03843061170988,2.5543944993190646,2
d681e327-7e74-4f6a-811f-e006470e568f,-1.1676042186437832,-21.576451856560347,2
74179e5e-2d3c-417e-8844-6740ea9fb2e5,-12.564891488061031,14.939002920976966,2
511ced4c-a861-4f26-9e29-afcf8d603fab,12.197522491040871,13.10196544402145,0
967f7008-e212-4114-ab43-dc2a6295f80c,34.17533277053375,25.348299244660065,0
b4a9422c-ed5b-435f-aa13-e8a8f2484e97,-31.842286089299296,6.903882036822283,2
046c3754-b22c-4bce-93c7-29b9da173d33,-11.42939839856546,-4.102358346681767,2
706fb35c-d467-4f93-b5ea-0cd841533655,-7.307951131747229,-17.049423077076128,2
0e2d6467-d90b-40dc-813c-fa4f8a0f4d07,-0.3218407135519472,-3.65803564202224,0
33527fe8-7215-45bd-8520-b290995b839d,-27.93094920102434,-33.44841687388191,2
bd5e632d-9a7d-454f-838e-10b76665a4d3,25.16039411933962,30.12446351243734,0
e627254f-65f9-4939-add4-bb77bfd92e16,56.690422356613716,-5.501938172151661,1
b1eae07c-4bc8-4b5c-9d33-d85f10214663,-2.3285069074993414,-0.4564473547934326,0
9d0f51bf-a66d-4ea1-8599-2aee772c165b,-7.193369872827772,-7.023434662055126,2
c93e78f6-1c35-4139-a6b4-c29c229c8b68,6.397739905950791,-4.410735329152139,0
a20bcc86-fe98-42a9-93ad-9027181dad5f,-1.749377492635128,-1.8081175187797354,0
4d54d278-9d82-4681-9b6a-247e79a9a83e,-41.1992604280354,-18.37837284985852,2
deb7967f-9339-4bb1-ae0b-81a72a472bba,-13.048381493038459,-58.645790110770015,1
9dd14de1-13c3-4586-8aad-1f3b0cb63de7,-10.995900075803716,0.8811171326971243,2
27d65db7-ad41-46f0-bfd1-61c693073e19,-48.066344699531925,-12.67585194236477,2
39e27085-909a-436b-b8e9-624c16303208,-12.37984588110956,1.196435602805229,2
cab9ff29-e575-45e2-a411-1bfdc2e2610c,-9.92290173902168,0.6354533810268365,2
e1edc70f-0307-4283-9efc-77feb465c9df,-28.705720607013586,7.490789057107712,2
d1f1743c-5fd9-4ae8-90c2-8c3e2d475d1b,10.119718875651204,14.42195153744287,0
92e7a9c0-ea88-419e-9afa-e7db5c8967b5,-29.892911217416408,15.380660836047396,2
f0bc4292-6662-460a-8bf8-a3c9fa2fd7be,0.7292395853172132,-28.14701671041997,1
b36c0e8b-a9b1-46ac-8946-88e64a28ff5a,10.82754695013639,32.64167836151026,0
dadd1789-354a-4abb-8d4e-8556166cf341,-33.28499789673599,-9.241511411989906,2
d8d139e8-6e6f-4771-b624-69518f847b85,18.488295262067563,-37.99869147999226,1
6798cbfe-7aca-4f33-b4fc-162bf579a303,-36.033933079023626,-38.62757116547217,2
5b875575-24fd-40c1-910c-38775c73004e,-2.6111103006424257,3.519989496292345,0
619785ac-0041-4b26-a887-d8ca021eaab1,12.911264924548668,32.89981449859665,0
cd215363-3f4a-4928-9dbb-60735f4c27ce,1.6030425394853751,-32.27020573790566,1
0361ec21-e83f-40a9-b825-d92487b1239a,-21.504248801628204,6.419882920665838,2
fff3f42f-5e42-4653-b91b-1676f914e9fa,30.668665523699904,-27.53273401976293,1
0b36289c-6835-414d-9f86-4cc4a812af87,-2.117091188407654,8.550022849670926,0
18294571-5fc3-4e68-8b31-5fc6a207639f,28.114821347541646,26.530571087522855,0
616b6b60-8c4a-4d85-9a24-f47df6ad497e,-14.101082991843784,-6.8442058573273,2
c63a27ff-1844-4b4f-9bc7-ac4d00dc0de8,-10.316520763460192,-17.788065169061632,2
9c2ed2bb-8ee1-441e-9f3b-ffbb4def2673,-18.48605929159843,16.273267850695387,2
1e473e62-d679-45be-890c-77c52a3e7d47,-39.77528013609886,-0.2409189562341248,2
c2628a29-fe4e-493b-a324-ed402ad54a26,-17.35803260659386,12.231071934459264,2
95bb2613-9194-434c-801b-fd18aa183f6a,4.25502433695581,17.730639833338753,0
9079bad4-9d01-4eb9-999d-35ad734be2e8,-32.648540485953106,-4.842042492313536,2
5b6b8058-474f-4a6a-84c6-0eab99e3b2d3,-23.559538961909823,-29.21958626885599,2
187f14ba-0002-4f99-9eb1-af93cbfdd4c2,40.644046488974844,54.565689056448335,0
2056c543-2f73-4a2f-995e-3af2dda7b514,2.6683489692408227,-2.5205843882904513,0
3d2bf709-b8ab-41c5-a8a0-dd42e7846c25,-14.151195047089157,6.05458504969201,2
86538c2f-7f41-4a9b-bea5-f6126772f322,-41.52707918920017,-11.216863146055461,2
8563d0ce-646e-4992-897d-5634f023ecba,20.725545612123653,-48.12553681708621,1
7647345c-1654-490f-9a18-b43005225bce,-15.56531669078404,14.0896759177239,2
defae193-bf7c-417c-b68a-57963eb454ef,13.370720735901388,26.78826015730745,0
253aa5dc-9853-462a-9bcd-c2e44817833b,-24.972500085678647,4.1395139049803955,2
abb411d3-1474-4e6e-afa9-23b974d9a557,-20.878460456245108,2.0728991639451704,2
cb024f71-c708-498b-9196-2fe57acf3771,2.6865198892249618,12.827580471708954,0
3a814d3d-749f-4066-b33b-3faf503d84bb,-25.464090611712766,-7.254174941052888,2
7b7c91b5-0358-4d09-af89-26a791d7a23a,-11.124694463128419,26.881946278601998,0
01661d94-fc16-4456-95cf-a5fa4e1e196c,-14.622238455946741,-3.2527502097730876,2
61ad862c-0bd2-4fcd-a9e1-f42e8099bd81,-14.19517134342888,21.742839578419833,0
3f3b6a7b-94f0-40a3-9f16-32bab2854678,-0.12671189163155552,17.32905721410429,0
2d4c2aed-34ae-4232-9b42-29b1a821f791,25.731354831416695,0.5453254696739829,0
94367ad2-de29-4beb-8dab-f79174894cd2,-45.70121185130529,-14.915557789581534,2
1bd6dff8-ad21-4a45-b496-2d52ba995e5e,9.117241012982456,18.5330388356836,0
9db2f825-0d02-4437-9107-a6b92ef4e2cc,4.913913008517684,23.471872022191295,0
358a0311-c6aa-456d-a52b-6b6b08b0a863,6.397750948903658,18.42303555538899,0
b707621f-1f89-4058-be18-33020b9ebec3,-6.334040371288876,12.30489227727506,0
ff93cbad-7bdf-4e5d-81c7-95aacaa3bee9,27.200352515789277,-31.849860831254603,1
db998871-01ff-4a39-ba06-fe3fb1183584,13.769001994740956,30.77111195018248,0
f0024165-4df2-454e-a0cb-17720455c0c9,17.12830336993969,-32.480123495252684,1
f4d60a0f-dc11-4005-8d59-7511ba4de8b1,-15.227658190795477,27.13045233077815,0
41bdc474-8e6e-4f39-98ec-6d73ee41837c,32.94893249371669,-33.59690608359302,1
35120b68-e618-46a1-9641-1e635f633372,15.573999661501562,26.40395317650401,0
c355cc80-6344-44b2-82e0-79d701fef03c,17.021597216158813,18.676744388295944,0
f4cecad7-2cca-4990-9d88-115b6b201cc5,-23.757533359745626,-13.914103148854865,2
053442de-6d8a-4811-b03c-be1c7a3f207c,-61.66342600160435,-22.50933339396455,2
2b00c53b-e257-4305-a0cc-3dfa9ac10d12,7.9513297999505195,24.581442930042783,0
29ce926f-d72e-4064-8a7f-359d86cb9d11,5.375370017754039,9.844778329457787,0
9c706e45-00da-42cd-933f-1f42f0b6942e,-2.554615131467552,6.583581265141351,0
1100a85c-823d-417b-a764-9282ec8593a5,-17.826750520906714,8.38205908655327,2
458ad47a-9fbc-4508-8ff5-5a8e5c71ae6a,26.307125940788918,-27.038613666555793,1
2db5e0aa-342e-4766-8725-c1d677fd52b2,-25.757988727607163,13.233019006380207,2
675732d7-23c5-436b-b21a-104081feb1be,10.215334861270694,9.770431966778538,0
9e563a6c-1c6f-4901-a1af-f1ef2d8da025,-67.39875723010924,-28.595693312437962,2
bb7098ae-862b-488c-b67e-01ed682ec783,-7.859878430561792,10.437331592991026,0
df539d11-132f-4320-9365-14d529ae2186,11.574297948168224,19.277282853775276,0
4e01a01d-eded-4d02-b8aa-1920c6997726,22.202160884364865,-22.43259386150684,1
c23d56d0-f27a-48db-b10a-f572b50ef245,-41.6955953663176,-10.109922847426343,2
692ea666-b4ac-4e92-b712-96a67edaef56,-19.181903825349387,10.239108887892074,2
360280b4-a4eb-40f0-ac1a-35d6858f4aeb,-14.469487062923596,9.682193472496317,2
18e5bf73-efdd-4c75-957c-68a94f6cb396,24.78056342366774,32.446823910756116,0
28b12d43-f858-458b-9305-6581a9498e59,20.5086057031809,-47.91656028557881,1
48077485-61e6-4d16-a74c-ee216a9455f1,-9.907145370292678,13.657371756105645,0
87568e73-7eac-4243-9d74-03efb86b6f29,-3.2754040954858605,-1.955761304442005,0
17efe3f1-a97a-4e26-b28a-98702fd3c42b,38.53757922582911,-13.944127761325039,1
8f6c4058-6bdd-4f85-94ed-874966ffec55,-6.689664881111141,1.5534736274507597,0
768e0380-9183-4600-849b-0d315ba502fc,45.991232682892395,-18.072191346500606,1
b73f749f-eafa-460d-b921-f12e7f8d6609,-32.59832199002281,-33.676876590836784,2
ed9b3b6b-c2c2-41a2-ac61-dd2cfbb321ba,-15.252789945179428,3.7837660144677225,2
e49fbda2-881a-43c1-9c16-0b07fdd281a7,-13.348868246706724,2.4882244122548136,2
602e3d24-a45d-4fe4-9b70-a679d93f470d,-14.355207841861061,-7.90205657656463,2
470b6305-67ca-487c-b9b1-9b74f673f9fd,9.743890915848947,27.67508722220056,0
0e8857f9-6f8b-46c5-a019-9c69bdc50525,17.127428997627167,32.1053494310043,0
597c71b0-5c49-409d-84ff-cc31b185c620,-53.70289805347958,-18.132135806343275,2
a091a049-ebb1-465c-bf2e-b2abd72e4901,26.937466776268536,20.505259937618725,0
0f382cf1-3e52-4078-bf12-cc6ba998ed3f,33.34299200121868,-48.2515528885395,1
c5d4a1ed-8fd3-4435-96f5-ea5e56326f20,51.35150238375361,42.030080593969096,0
d6450e34-ebf4-4749-a27e-8e3139960afb,-11.330658957467683,4.44156886449972,2
30285113-d411-475a-a8ed-1fb66be72f28,-16.400485715898114,6.5129927954708196,2
7dc54973-bfae-4811-b947-f98a6ac24b25,-7.881525061463125,-5.43734267760839,2
c58a5583-7b04-4b67-9372-e161e18d7de1,13.523721099749041,22.908379172370456,0
acb208ab-def4-4b55-b1c7-abe2130e61c9,-1.8718792126861648,-42.363681405455175,1
d372fdcf-a087-4773-880a-169ecc0d1fd0,-55.95150844157333,-9.018786163172459,2
a8e0466b-d106-44b7-b846-c4fb666715f5,-3.9491372335888197,6.713104841164954,0
d251e6b4-0c25-42ec-b090-daa81ee80a0e,11.033024558682037,20.010389702696948,0
d9666e09-51bb-49a4-b289-0e6b69636858,-3.6200293931099696,17.047556175567458,0
a852a227-c31f-410f-baee-81135917a7d2,30.031079145888636,-37.17323283480778,1
09c3168a-9886-4095-a5ef-8bdcd0988dea,-12.492271648811132,13.603279154402312,0
7880b3ba-9f39-4744-be72-b87dbd8eb425,23.0283756007331,-42.40712558264843,1
f09cc0c7-2896-479b-84db-401f14780092,-8.728381041530366,-9.692564305706153,2
0781a18f-ce2a-478f-945e-49b2b8d7d941,-9.660467455881905,-18.669284720784386,2
ec60e081-f075-4c72-b1e7-62e1f1429fc1,10.549419622719173,-51.546275932314956,1
9e94e2ce-f6a9-4358-b96e-266207b9ce34,-40.00393958840582,-34.03984413255981,2
b0a1f575-657f-4277-95dd-0e02e77279fe,23.895055710123987,19.2283713523871,0
2485ee80-8de4-4f98-b4f9-7c012bb29f6c,-3.1516956160410388,10.434221102843507,0
8095ebc6-d293-4668-9d83-8b3f35dd198d,-4.377194433130224,20.124871158983996,0
f6ec2075-052d-4677-8423-378ae45593ba,19.385182036560725,1.7097951860688685,0
9bf53a64-2c24-4cf7-8419-f57b1936aa8c,17.4913847539322,24.834434744905234,0
a2b566c2-bdbc-41c0-a9dc-8207582e1a51,10.650376708257912,10.807881005987065,0
fb49b14e-d40f-4270-98b3-458ce60f2cde,3.207018717609054,20.224999801245723,0
f4847715-a3e0-49a4-bcc9-95175d0be463,-15.623128364889729,-15.831096563502552,2
2bbbdb50-4486-473c-a158-6b1656bdb242,16.525443649662222,4.140157396677412,0
db01aba1-3a00-4bf9-9f24-8fba144144f3,-26.33492767274992,1.626893830049565,2
40a31ab3-71fa-4f7b-a3b1-22e15ff0f358,-27.39169694101809,1.0076225288751899,2
75f8fbbb-2015-47cb-94f1-eb88cdfaeae6,13.262842705710737,25.26511794323343,0
315f3deb-74b5-4b71-afe5-759c85a0a6cc,-27.16400470885039,11.671016645818538,2
5fd42405-ebfe-4210-bc2f-d8310e3e14ee,0.2573346161575922,29.514189761340997,0
93cc1307-7138-4547-a9a2-8a5398815c01,8.265750446211142,-20.114728564187025,1
c48d2d0e-5626-42b3-b508-75b3cceb053f,-13.69957213695093,-5.919087550313132,2
a37d7ef3-0840-4114-acec-ce9e29bb54e9,7.466673397378537,-2.733131360073093,0
550812e9-ad67-4ae6-900e-572a051208a4,-44.046577766210156,-19.019064573821385,2
707fad7d-f284-456a-abfa-17289b40579f,7.502490750831166,2.0180126529342926,0
fb9c23f2-8694-41ca-a126-a5a131abeac1,0.13795359927041165,-3.9690345820391757,0
27f20469-cbf5-417f-922a-19cf9e8b790c,-24.193359457350635,-29.452492270877865,2
cd40e8d1-b307-4840-bba6-fd2f71d0c26d,-25.21024450541246,-25.613905004550386,2
dc857517-6b3d-4008-85a4-a2b35efb1e7a,-7.618870606034076,6.141414977102597,0
ecdac97e-eec5-4753-a572-8aff707178e5,-19.86786885426264,-3.9361276118935358,2
d636f6ce-e820-4e8a-969f-c3ac2d46b191,-26.191264594870624,12.551557484524245,2
fe379cd5-d51b-44b3-9adf-49e2cc3b0bf5,19.135539737278044,5.087866270385983,0
8dc201bf-b152-458f-86ee-347744a1b9bd,-52.22454332306897,-27.241682947404314,2
594263d2-e787-4e14-a2de-8f57727de001,42.19288268256059,-25.28776715366876,1
7fa3f262-b786-4b89-b38f-505bff13c382,-37.27367089165128,-0.588963124754738,2
666548b5-7b80-42af-80f3-207063c35b3b,6.00370760835164,25.72578100498451,0
3a264c56-869b-4572-89d5-12894386a0de,1.2361499103305233,13.175504079415159,0
12d9d0ec-4e76-4eba-81b1-6dec7b6f2268,-11.141283870537567,-2.8214856957413583,2
7acbca97-f38d-4da8-8d82-53a8eb0a43ef,12.388397483195158,32.25389512857767,0
5e50611e-9e98-480c-bc47-28070e9edeea,-16.31575473028087,-38.97661091779948,2
8f51e90d-f617-4ed2-bbc7-7bcd92d1963d,41.91323488006825,-11.454773370217902,1
d89a84a4-4f45-4aab-ab6a-131bf3b359bd,58.53182465716176,1.0263488328441068,1
b321a3f5-043d-42c6-8c9d-5784d45cb85c,6.138696970311551,24.15057707587529,0
80982d2d-ce35-4251-a545-391c0d6295d8,-16.5061302159596,9.966158481182177,2
09f906ba-fa4b-487f-9631-fbd97d9db8f9,-6.568543242952101,-20.52106019270429,2
5cc4350c-416e-4f2c-be73-12af68ad1ee4,4.160209306296211,29.505180764253613,0
3c9c665e-9327-45f0-b412-224e8948deb2,-29.3222448607895,-19.331088391822252,2
9e785594-f00c-4805-8901-66c73fe2588d,21.083308894714893,-42.44807952105927,1
8909b639-c15f-4935-a698-6de79c3d0433,-15.000497109478042,-0.9932694253523704,2
75d91076-9d8a-415e-9ee6-00b877e55874,-2.384895429822518,11.427911885131406,0
06ae7b4d-2906-4a38-a4ef-1cc937716dcb,-5.602813904431437,8.58863666602617,0
89424841-6b5a-4f5f-b5c2-209630c6f597,-30.92222613547633,1.117422956148742,2
3b509602-c9b3-4dba-86a4-13e2a3857bb4,41.918105067930945,-34.100858315566434,1
e6bad6ec-c178-4684-99e8-2504781a022b,-14.63686065636891,13.55809519093697,2
70532e65-df18-4e1d-beaf-08fbf349bec0,-18.43551089877498,5.090427263524217,2
c50bf088-8ad3-495c-b7b5-1eca9bb546ba,39.351589311026636,-23.235331452718025,1
cafc9e36-c5f0-45df-ad03-16210ff0d870,8.44225969266343,25.295040992231378,0
dede0990-1733-4473-bc48-78605f16834c,-15.457422642628567,19.018640197257053,0
6733afa1-b0b8-440e-b54c-98e5fdec854c,-26.178127438292076,0.8663532351894933,2
c6683fc6-49f4-4e53-94ac-251799c2c638,21.880641936248665,-55.16773849251183,1
c024ea4d-8f0e-4fba-b793-5d2e767744db,29.581140643508927,-31.140399706030543,1
e3c0a094-5504-4b74-9e0d-c73e84dc3901,-37.51843437176988,-19.585471860752957,2
ce76e826-0792-4dec-ace7-7efa3bb8db94,3.5150730422373746,-13.99075563724708,1
1cc7480c-76e1-42d1-8593-49b356ef624e,-25.753635214232304,16.096481166640103,2
4c6cb929-293d-452e-b7f8-d535b48cf073,-8.91333493989771,-4.298018661814568,2
6c40b30a-d103-4397-997f-9b2bda66793a,-7.745838901842635,1.4227482082280507,2
a3595c7e-948b-4d93-a623-477d7af84e15,-0.11268672079859246,-17.06276413921148,2
0cf58c62-a75d-413b-8ce3-4d90f4688b04,14.214199659882125,13.91851648532989,0
d6ca3b86-5a26-4467-b9a9-cb7fcc5a7316,21.603721522992075,24.036653441258494,0
20658f84-7e36-440f-9e88-08eab304813b,26.971464270481746,-49.49525837472068,1
ce52c9b2-ab83-4efa-8abf-97475dcf892d,-27.24348382353614,10.287338363111196,2
a2744918-6659-412c-a5e3-a02b9712890e,24.081315313063982,33.81599802728818,0
78142fe5-7a8a-49dd-87b5-6a1e6427893e,-9.019708899495662,19.79593129701441,0
a12e5c24-f0ea-4770-9888-20e1c562e436,-0.47185267820353005,-6.800360228281711,0
80afd34a-fc20-46be-85c5-088951628194,-34.213423574208974,10.492746401504201,2
628501d9-94e5-440e-b39f-df0e3ea09986,-3.995469080934083,7.959362593416851,0
c861f2ac-61fd-45cc-9e14-f775f9eed494,-11.707266529583043,12.601292784630777,0
bc4ac436-ed5f-4774-867d-a6bdd7e14486,21.69933810899657,22.19951100296947,0
c24618ee-27b7-4760-99d1-fa9b338f05c4,-9.739226307651677,-4.008994634108082,2
bcc561a3-5de8-4341-a5a6-13e19214b2b7,-6.2913562754644055,13.982652178026312,0
45312cc1-6a70-441f-9711-85dcc224bb98,22.01972672894788,21.357131149609273,0
490dfd10-0c85-48a9-b4ce-22b4445ed504,-16.520896395122058,8.583237898369573,2
f8efdeb0-a8f8-4e2d-a52e-43d033e4ce6f,-10.751233954069312,9.313767662209024,2
1d468785-141d-40ca-acb1-d6d85a8c9d7b,-1.6505307551053543,-5.4009476847839615,2
9634f770-bc93-4dfa-949c-98a6da30a102,-13.243211649051116,2.1103218737773726,2
af58b506-df1d-4221-964d-76dbade6ab85,-14.929388265019142,-9.582570495810785,2
c102587f-0390-4dd5-8b35-d819e0083134,-15.40022067648886,10.997300679009467,2
51c66f38-afcb-423c-9004-708081b729f6,-20.3856126018192,5.803599105475592,2
15933e60-dee1-493a-a4f9-d5791dd15325,22.31939154966375,15.455504160325413,0
2b67c3b5-330e-41e4-95cf-028d37fe91e1,-6.067883461030433,3.144723684597515,2
1a112735-ff30-4c94-953f-444ccad2afe2,-9.023646952348665,23.638261339503682,0
85caaa0e-2811-46d2-b934-d9f9f006afc6,-0.12587258870962925,-62.815246930704184,1
96668a75-e21b-482f-b699-0b5282909a9a,30.251002705828835,12.504815104735139,0
8ddd5f98-9ebc-488d-830c-817ebd796939,2.4764841734176755,6.528939707350677,0
dda806cc-67a1-406b-8957-ffdb5f9087c8,0.013989611927845248,15.7694903769274,0
216e4f8a-be1a-41d6-b413-fa4645423caa,56.119288398206166,-7.186423962116085,1
b1366128-6ab0-4205-ae2b-a854e8ad45bf,-13.428847819315337,4.763828003357007,2
2f3e03a2-8764-4791-b53a-a599c6159e19,-40.9810340315658,1.6708266438350952,2
1729f18b-f4d7-4e1c-af9f-2c651023e7fc,-33.229870900297804,-7.070499560656639,2
698e64da-61aa-4d7b-9f33-21d627cb4721,3.8162436114822116,13.089881861040055,0
e90c1051-744f-46e5-bcec-f95d34f59e0a,23.205676849271928,-22.607799170749768,1
cfe1c805-2211-419c-bf9a-e0c8b5020dce,23.025192971604284,0.6200470459587748,0
2f51534b-248b-4999-bc3f-e42a2e98332e,6.635548293521524,-56.53522879579711,1
694ca3d8-9748-4c0f-9021-d599d81a325e,43.806592472105,-15.563819097867443,1
a7b067c9-a62a-4d3d-8c4e-668830f7441f,-31.709101158479555,-1.1571842375076982,2
79beb4e0-5066-481f-b432-94d69219bfe8,-19.77158906404475,-0.5905679595905896,2
343c349a-57ce-4599-8185-3ed2e15c6fdd,-13.876946194611572,7.505551042085178,2
952883cf-24c2-4ed7-bb96-3f736c15ae3d,9.099605289253683,-50.77035732139594,1
e6f4bdc7-ab3f-4a62-aa6d-5223b25bbc89,-44.11574630595706,-21.431971355010297,2
5ef81653-adf0-4286-9f43-218490539508,-12.98777055239051,20.228472493168955,0
43c4bdc2-b3fc-4fb0-9f11-f45394c4256b,25.02332857131177,-28.229154159351857,1
4d7842e5-9d8b-433a-a768-7a40129bdd0d,13.809545987524798,-0.7605125443352438,0
3daf8160-42c5-41bf-b251-77fce23a4aab,-5.60674897549338,-17.932511434498462,2
465928c5-ab56-46ff-acb5-76e36c97ebda,46.79021592049487,-23.512263702770323,1
099445c1-bd35-43ac-ab7e-9a8a9999c9a7,-23.208406149055673,-1.9751563004153925,2
231b4ae3-8543-47f4-a9f6-0ac26210b26d,-24.955162398594904,1.817264251799059,2
d9a1fa44-0877-423f-9beb-55f3fc936f7b,-58.62460531870632,-10.41454437059827,2
cf3fe851-479f-4d22-9daf-99b163d0ed06,36.26947525682078,-34.0057316007694,1
d61a8ec1-aa99-41c3-8633-018cdb0ccb1a,30.247980850116445,-33.72247281185946,1
990f1383-2ef6-426a-a650-e182010a8281,-28.73519595760944,1.6237828842612987,2
cc3ac2f0-9d26-407d-a8ff-d78170062983,42.31999886110788,-20.32095217358515,1
2966096f-4a35-4dca-ab38-ac86074fa29e,7.525600187695711,4.7339616085177045,0
f266f0c7-53aa-43bc-bbef-b9af0054391f,26.318138633700066,9.043439264032472,0
3129e1d1-9844-4df4-b30e-29b1c438983b,12.37052406157689,13.64629586936373,0
ca823082-ede5-4bfd-8498-7e492f39bcd6,-19.922633094807978,15.327532504309897,2
171e095d-2236-43c8-9670-23608e6cc8ab,4.408972648659367,-4.20796197419536,0
1cb7f73e-af63-4d6a-b6a1-fe289435a93f,-19.32352064875258,5.12005457806374,2
7c9a2493-5667-48ec-8998-81e13722b4ab,-30.478599130871295,-9.356327452553424,2
04de1f79-fdfc-4662-bab2-a3ed667c7dea,-32.72972390515144,2.250394148868396,2
b656d5d9-3bd0-4d76-b7ad-6440cc706048,-56.53463901794927,-15.302730776144223,2
9935bf3a-de25-401c-bf1b-5225a62b24f7,-10.672996977391026,7.131069551747675,2
db360c44-bf72-41f4-8ca4-01c9973fce95,5.288076697964256,23.5489793138619,0
40a4fc74-f345-4940-be5c-249013782e4f,-35.701052298542834,7.73252009060566,2
eed349c6-a5ed-4543-ae8d-67b394b26c7a,-18.345995508449516,21.179447497172795,2
aad82145-5742-4ef6-9de3-2c57e84642fc,-21.70136177340593,-10.52614575131366,2
fd2f42a3-d79c-466b-98c2-5f4d0a4a64e9,-17.927151581625857,15.09946778485319,2
eb688a21-10b9-43c3-88d3-2e9a8d30b42b,-17.199455020012856,10.063534031003202,2
2e36839f-3155-4e05-9ed3-404522fdb04f,41.55444440571971,-30.63821786367215,1
77e4a7c3-f2cd-4b5e-8c18-bfa3ce91cf56,14.60080553501166,13.018846316202225,0
8d0f534a-a0b1-4d8e-9ca5-042f8a0a4e52,-11.599109717113357,14.27130460309646,0
4fa35f20-e26e-4bb0-811d-b307e3927904,7.096366504819682,-11.498011863835758,0
f8ff90c6-3554-4e19-ae56-18f30f51f9b5,-4.372420596311445,7.3171965069880756,0
c33ecc28-d5ba-4416-b93d-445b7883b6e8,-1.5520288016648276,7.895261485964253,0
671bc03b-e3a8-45f6-88e4-ce138c716886,24.104524431510814,28.170264173182968,0
51bced11-ff98-4338-8e54-0b1a35a6d982,20.6051223976596,21.790231815864068,0
9907c264-961c-46b4-94a8-bf7e234621d8,-2.1790860938315424,12.21999979036752,0
8634f872-177a-481f-ba51-62864c569001,12.844076657754297,32.310396216568776,0
3823e741-c29c-431e-9397-4d16a30ec473,3.0786161253618785,21.99463874710462,0
4796719b-2fa2-40ee-9fa9-6a8caa703823,-9.376748844720389,8.67440569314117,2
fdadb011-0da3-458f-8b4e-d09e4c847a5b,9.651270946141064,21.167871081229894,0
5a3d1b74-f904-44ef-94a0-b38291e30be6,10.086498963692094,10.050240715004524,0
fd6f4c9b-ee43-4939-8cfa-2e447aedbcf3,9.099344177487797,-13.078721436362674,1
d0dc0f54-e23f-40fb-a0ac-56fbd55108f0,-20.917727580715145,18.97670056902494,2
fefb685b-91fc-4837-b612-73be3c4d941e,-11.693505782055224,-49.70402424238254,1
37d359b3-d8f5-44cf-8f30-57dfdbbab8c1,3.682846186939062,30.933217575239482,0
ad930bd1-0026-4f83-92e2-23170c1965aa,22.51407872313016,33.64766862211541,0
6ddc13fe-e8e0-4fb1-88df-c068fe87b5cb,-20.877990266301865,18.940480102257606,2
c456f144-7f26-4f58-b4f0-4d91ddfec18e,0.7547349970564312,6.492684165680468,0
073939c1-c857-4340-8a5f-a7b87d2349c3,27.685388350376464,1.2342371652865352,0
e548b6da-7025-48ef-bac6-50dcf66abe71,1.5507784583107267,1.5264170540803148,0
c4ffc907-8632-494f-8030-0dcc74af3d9c,6.5354699655883195,14.688872966956447,0
647221bc-8100-4bb5-86a5-973fb67fde0b,30.712926486993045,-7.379498181335539,1
1b392450-2b27-4dce-9205-7de33a64ba42,45.99494134789142,-1.6772482732826546,1
44beea06-28a7-490a-b6bb-4e023230e51c,-14.04907927938209,11.713665804359362,2
17dfa221-f092-45ed-a2e4-5798ddfc0ce9,15.401755303631933,-12.947399027783801,1
1d18e4b7-83a5-4c40-94ef-f77c1ba2fdbb,-28.27989788574007,-25.762685514990107,2
3cf6f0ec-e11f-4a59-8d86-3e0bbc01f8e9,36.47817640201948,-20.21542394376104,1
dbb3747a-aafe-421c-bb21-84a0b82c6a75,-1.7706852830488196,8.92240034528274,0
ba00c48c-c33e-4dab-beb6-0575ee076dfd,-15.734111065757181,11.492131743476033,2
8643d0bc-0acb-4d6e-b6bd-5a997d2fc39d,52.33003229090414,-14.143440107171006,1
fe8166b9-08e8-477b-9122-0e9194f34818,-19.28250702313809,-4.542229400948903,2
9d2a209e-f610-4bde-8265-ef7e7e7ac0c4,-23.548918110305603,9.189107143839164,2
9c20991b-fb37-4984-8b57-2c1fa8112d1a,2.9023277865955146,-45.720103992771385,1
f7df28a8-81d0-434a-bfcf-0ffff4ac9ede,33.92856867597479,19.2858258551029,0
52df14ea-5feb-481a-855e-0a6176744a73,-21.65902526224566,12.288739347497076,2
acb1bf8e-f597-4f67-b19d-bb737109d9cd,-2.297677344414989,11.381314632293307,0
f58dd06b-ab52-42e5-8603-cde9c4eb7fed,25.543118929764468,20.418034659706837,0
04026251-0cf6-4889-83b4-8a46881470b5,-18.97896180535197,12.28614189769962,2
62ca3ce8-77f9-4e02-ace4-af79519b53fd,23.21986663224742,-49.89025432122712,1
f3c13192-fe4d-45c5-9d12-5294799bd7f8,2.273936822428805,20.71032020640087,0
d27304e0-1b0b-4fc3-8e0d-af2c305d30f8,11.016101329249759,-40.321648896174686,1
5bd46a5d-2390-421c-a7aa-90ba77fed60d,-4.577633921479328,15.896301476405684,0
381e687e-c27d-4794-981b-7c3c596a0246,-19.96497402799649,1.9791575734533449,2
870c128f-49d0-462a-8970-5175e791096b,-30.977962144891766,4.839144789865527,2
548b1967-fca4-4238-8d59-ae5405122c90,55.883362218953906,-10.438052107802958,1
91d22570-2889-46c5-9efe-5c40a4f84e5b,-55.834254755897085,-23.773507431641406,2
7e11de5c-487d-4fc2-845e-efab7a39e031,-22.093868119089127,12.383368778338184,2
1be6a56c-a7b1-45e5-b96c-db20337073b8,-6.455708985073417,-15.471427262869105,2
f084874a-f9a8-4858-a858-d9b80871755b,35.7651252565124,-42.95621763787823,1
2ed88c3e-bf61-4e2f-b06c-0b93c9f9402e,16.676678060675748,28.067430365219145,0
ed178c34-0b29-4f65-bdf5-a39969111ca8,-16.586004888169814,-16.970842031003272,2
3bbc2702-3fa1-455a-9c68-bf082850d9be,-35.44325871336903,-7.659909536596246,2
ff0feb3e-6d14-4297-ac23-1eb397663ec3,-59.435086794143196,-12.472159434334722,2
5c957f54-8c46-4f13-a22b-49c175e8af3a,18.642199679468884,-46.495621620752615,1
33debcbe-cd9a-422d-8214-68606f68ac5a,-26.934447552000552,-13.144187250112761,2
28f3a34c-f73a-4d10-8c0a-23e578866289,-34.12638399299205,13.814347284544578,2
44df0b54-867f-4aef-8769-5d3fa8887b94,18.73555799331231,34.729392575101926,0
c07f871d-fea0-401a-b0c5-ec5685c311d7,-6.936175745080605,7.127397452267643,0
d5a1a331-cd5b-448f-adf6-ea393565ef26,-5.3512147550608935,9.387515795241857,0
49e0a55e-cd18-438c-890a-f14c6d149743,-24.19173847615339,1.906713217643121,2
7fe106c5-4235-4930-83cd-84dc5250db89,13.391719822848602,28.27195250951949,0
f383e1a0-2847-49e0-bede-abe5ce5147ce,-3.2545090025487924,-52.27945749515514,1
7db191ab-6106-4e39-a45e-8a68aaba0922,-7.068585994602507,28.352284794685623,0
b021039d-26c3-4851-9641-ddd81e408339,41.59470998387478,-13.096382240479087,1
81395cc8-c7d5-4ea7-957a-b5cb8d6bfd1a,-4.688896893017238,22.281268483991614,0
66116a4d-210d-45f8-8dba-3f8c79566ecc,-21.738602482160708,15.957663910814679,2
d0ee5ff7-a49a-4633-93a6-40c9e29fb0b7,5.765692684695797,-21.005852691883955,1
fe00aecb-7b06-4e76-b999-99ee41ad20ea,-22.96599680194196,3.3780004915578807,2
5cf049e5-d45c-4601-8f67-1fdc0b1918a9,-22.984065867613218,-32.25731380234621,2
4ab26a32-f816-4aee-9130-12a0b3604db0,-34.95442410156155,-7.997486530456292,2
3c3c4741-8eda-46fe-8d36-2cd683f4a987,16.057731817450783,23.89841722782524,0
17985496-652a-4034-997b-b888d97316e3,23.386110985231063,11.416682563334255,0
934807ee-e303-43b7-938a-1721c6c31584,10.890614663993805,-63.7993969614055,1
99d31369-3db2-4631-bc62-1aa6927476ad,-27.95713829592529,6.024643260743241,2
56bc1e6b-d1bf-4df9-b266-07ff567aad77,29.433471169893373,-36.77442894204876,1
6f73500d-4b23-4f14-911b-fbc69bd38f4b,-22.79870030996951,9.928255459950332,2
ad8c55ae-46df-43cd-8cb5-c049e3019959,-7.7619529613789675,15.181940394022819,0
05ea028e-6b8a-4352-88aa-057494cf5e80,-6.241398591492641,4.527920922428215,0
36125e17-48fd-4eea-874c-ed2e2e218402,12.171368506249534,-17.209675830392207,1
99296d22-e605-49cd-b37f-a1b900be5d53,-18.038446808672692,-15.22875347354586,2
5cbf0ea7-4f5e-4dd7-a93e-8eb12a22d4e6,-18.181608034616126,4.296299339570405,2
fd98106a-a2c6-4f23-86f5-66436c2501e5,-22.008384230627865,1.0702536116193895,2
078420d8-5079-4a98-81d7-3a4b84e9d0ad,-17.007147425628222,-14.972137013230649,2
1dd10557-4e50-4af0-87c6-b4b3f6fa3a15,15.47487004589495,21.500399156063136,0
a02fb212-a6cc-40b2-9d31-481fc1ce0911,3.5155051861863247,35.521072870311315,0
6e6eeb9a-6437-4e53-9fb7-c283f738d3bd,49.46440119519143,-4.746615843283165,1
7ee4348d-9975-42ba-b258-2334e089395c,28.21410037136645,1.2524515567394976,0
69ed2c6f-9495-475c-b8d6-c1db8f4b0537,-19.82294603601221,0.021300484544038,2
032e5aa7-8028-48ad-8fe4-6a5cc6aee5cb,-0.4574415610797487,9.337630149413823,0
c6151c87-ab96-49c3-a250-b56211cd20e5,-62.107479572351565,-14.340512895839401,2
63afc197-8c49-4150-a98b-61c47f182778,-27.789357173725755,-30.782054980187432,2
3099b2a6-0d46-4404-88b0-a3689b019c38,-6.355587350231641,8.41085537508722,0
c28b080d-8eb9-46b7-9e40-c37409820e17,-7.930558819946993,-5.684268067766882,2
6db579c1-ef18-42a1-9921-d0456b90ff6f,-9.961868547755268,4.321378829785864,2
207b5c1c-3710-47bd-be2c-e1307631b28f,-30.654586976163724,3.70085719798684,2
5a3c544e-069c-4d6b-b7b7-0f41ff71dee2,-22.418590559430562,-5.22776903550493,2
7dfcf573-5004-4c46-a269-8a07e303f873,22.92127337450509,28.778250740987556,0
f2dda955-5a39-43c1-93a2-83953b2b91d1,-33.226171702792215,-25.590498884097464,2
b3861080-a052-4432-82f8-193122ab29d4,-29.774150174805683,-1.4020160274579077,2
0ba03a16-3c4f-4118-91aa-53d4a7c00d38,3.8674740775067007,19.39649725842993,0
0a133c47-fae8-4e3b-8f4d-cbf357f5e2fc,17.981242567606916,19.05505561343394,0
58b399a0-3070-44aa-9a40-f0e2c0fea0fc,26.562234358614628,-23.75890543332587,1
f602fb69-df50-4b19-8e14-c1979a120119,-26.988846814243992,-3.4002361664473657,2
a191b96c-cc06-4a58-990b-57ee27335d5c,-31.468925871629665,-7.871824581355795,2
96a45a70-d4b5-4090-b603-73b7379679d6,0.22567514988830967,19.084199967880842,0
2ae456c7-57fa-4146-9b29-2d4129f0cf7c,15.281978597386741,14.903136513289311,0
8b629c3d-0f28-4740-b681-6f064354f794,44.87073106049138,-26.327117273365612,1
6a182962-93fc-482f-aa53-a14d7574763a,17.780425797695756,8.966531921938929,0
b3d432d6-0b86-4407-98e2-99c1971283a8,-11.308407551231069,24.634402022139835,0
2639c1a0-fcae-4abd-aff7-9a8988a26c3c,-15.58474809395654,8.92067778864288,2
5b51c204-3342-46d9-86a4-2ed091492318,19.120141133058183,11.002248713508235,0
ca05380c-ec64-451e-9834-9a5996017749,-7.474119051812171,21.79290759028335,0
c469b31e-857a-4ac6-9a45-978c99391d9d,-0.5671432546044839,-1.7001049869090745,0
cfbfbac5-7f44-4537-9a1c-088075a936e6,5.513943278702563,31.37617793364734,0
31bdedf8-eb1c-48ae-8d96-e06c2b3f27d2,-20.65667272993177,6.587044184685145,2
828c9648-f725-4d7e-ad37-e33692e2c67f,17.18279101305404,-46.57747584262277,1
ca34cd1c-026e-4641-a9dd-ac1a9b4f243b,14.83957242761676,0.3192356907715921,0
784a9c63-9b40-4f6c-8147-93d0ed523867,-20.058658869156737,6.490243321997998,2
cf4160bb-9ef4-43c1-ac83-f6ca897101ee,-20.5616831119097,9.193407936868685,2
3fd9c506-ed43-45db-bff4-6e968ac19564,-8.76269892203934,2.490263178480083,2
ecf14d2a-e353-4674-9b3f-f0d11bcc9900,21.009037987885332,29.614768528267085,0
3572211c-0611-4d67-9e71-c5a8f704bd1f,27.94275944174153,-28.840620142329797,1
ec2e3ab8-18a2-4d4e-b0dc-36411ce35357,14.395160644535371,-22.933638518539574,1
341e11ea-c1b6-4d66-999c-76ebb9c8b342,32.330477880201556,-3.16187667410533,1
6f72a3df-b4db-4f04-aa1f-644dca35d3ab,-10.280481506998685,4.254866150001958,2
8bfd50fb-d6d8-44cd-a492-1e0a983e40b6,24.782935733478947,18.622414435328018,0
9918029c-763f-4458-b929-a4db95fd5e1a,21.35859463846604,14.616456531849865,0
90950125-1b6b-499d-97e2-5d6b78b3e6fe,19.87263665844088,-46.99863394585751,1
7d30a479-6d2f-431e-b15c-26736994b2f5,-24.689249340277218,2.6344267681796603,2
d05914c2-e76a-4050-b0bf-db3a08c1892e,51.161184896982924,6.039981281159206,1
bce4dcd7-d9e8-408a-8ab0-f993f9297a68,-20.107776268530227,-5.03786339129655,2
59fe0f14-0415-43b7-87c7-1098e4b434ea,19.525138132342335,19.992782375428256,0
343a3d35-e60e-4326-bbf8-2bf722c22ccc,-27.838224460997516,2.7467444794936755,2
493a8b0a-11ea-4f37-8149-3825aaa04fe4,33.10595538989963,-34.35506860306699,1
9da89066-8d82-4ace-80e1-889d3c73c8eb,-11.713690920152336,26.20353065512127,0
691c297b-b48d-4e65-84d4-cb4fcdf03fc0,18.858465383910488,-34.967469021479786,1
5c0aa745-6bad-4f9c-901b-5f0a0277b12d,18.258374235851214,27.275293254276708,0
a2a798c5-3b1e-4192-8c6a-8c627cd0879e,-49.58669679365999,-2.438866626916969,2
a0baf653-6f10-46fe-959c-54268fbc670e,-28.818799961165052,0.665449958454212,2
98f3d2d7-edc4-40aa-b09a-63f8abd2b528,34.709803302768904,-39.935518570459635,1
c7066edf-43fc-4bcf-bb63-ab75860d2410,28.372001984665246,-29.542292669859698,1
36e48370-2ecb-4d2c-91ab-7f7426647213,-10.652412831616694,15.032489007436627,0
de57eef8-932d-4e4f-a67d-835a87d72116,14.609651215773335,-51.24283811997306,1
13d6ae6d-1662-4e0a-a10b-a733efc216b2,-7.5678106910199086,15.73841244628582,0
370e6381-c31a-475b-b2c7-2c5de9e2c8ec,-7.735467791101282,17.215869491056367,0
7050a8f4-f7f5-41ba-9bda-942d369cf317,44.20935865660674,-2.1391003832996054,1
4152a167-7b5f-4415-81f8-b22732cc6ef7,34.22602106634499,-10.677504726457899,1
c63e3277-327a-4259-84f2-13d9a2c2d68a,-20.17147589643267,-13.778033251903654,2
f7c6320e-0c39-4b92-9a25-fd4e03b70362,39.62831529498412,-38.058663929779605,1
a90d3b2d-38f9-455c-88cd-73d5b3729491,3.138084741266304,15.529869786988785,0
fb1c09a7-660e-4585-85b8-5acc456563cf,-47.675620996777496,-20.795266945454046,2
aeee03c3-20b3-4f96-b686-52111ce99a63,37.426912399435025,-30.027589953290995,1
1a3e846b-4c7f-4aac-8c26-bb5e25f226ae,-7.855990476583332,1.0818878885641374,2
47e6db9a-52b4-4a3b-8c5f-1cb8fa48f7ea,32.25175468986039,-6.187026708229193,1
cae39998-47d3-4a80-8acb-67d3a9518306,61.49834409239643,-12.581825203608872,1
8fff7b55-a9c5-4179-a86a-80bff4fed1b0,22.65759103298497,26.001153369820987,0
fc801acd-4b1f-46e7-bc1e-47752fb08779,-10.945094291151923,1.047671658997982,2
68bb844b-1bd7-4828-97d0-e284a7998cbf,2.9134139022759706,27.573965295433997,0
8f4d89ea-3207-4fa7-9898-9b78cb971577,-7.503848468732559,3.7680137491944645,2
dd1d9d28-3929-4361-a6ff-0ac781fb0ac3,15.650716204429315,-46.438184588404205,1
4b9da1a6-923c-4bc8-922a-620ac43e6f9b,-8.000667726937676,-9.90648132655658,2
8d2f240f-43c3-4e0d-a6cc-79f6b174dace,-9.855052088772272,5.41150132950831,2
be8e200c-dced-4b24-a70d-6b6baecb7300,-3.0091982125478443,5.475262150459799,2
bd35c087-9a96-4f86-99f2-1a2a8936471a,9.458656161654858,9.870801872873235,0
01900aab-4c12-4198-b41f-ff638e5abe3b,-4.13399217153013,15.492299577845888,0
b55e91d5-8675-4f6e-b9f0-cef4c82b7323,3.0152288885948972,23.76339820242237,0
d5066dc8-74bb-415a-84aa-9f74b61faa20,-9.729754790485115,20.051125940931033,0
947967e5-9255-49e1-886b-3dd81909a9da,-36.173278797276446,-1.0302441574299899,2
89c5f174-7db7-426d-9530-41e08a8ef603,-37.12521608652444,-4.069404709830834,2
6cbfdf8b-fd71-4b6a-b360-1573ee5241a1,4.435765299633281,23.02991582509693,0
8319b13e-475e-440f-855a-bdba3036db73,-4.825301917446637,-59.331529238890276,1
42fe2b41-93aa-4738-988e-66239bef2ec7,-7.66302036406336,2.8299773769740155,2
3621ce2e-a1eb-4a45-ac06-779a780b0b99,-5.143584287139346,17.006048776514596,0
ee27259c-1aa7-4f5a-a4e6-0b49be4ad051,19.288569284107275,-2.5460085338369445,0
8411b896-9d24-47d3-8a28-1c9cd6313939,24.733249895618332,-34.47201470264645,1
d33cdca5-78ec-4d34-be08-51efd97e8bfb,38.994678590919335,-31.501698477043902,1
d78126ec-68b1-4d77-bf7a-19a47678a5fb,16.65541407466228,14.354416586389462,0
eecb45f4-ea57-4aea-814e-9895d42034e9,-17.140403361597123,-1.3056205434460904,2
687d5cbd-0877-4e31-86d7-9fcb32a82f10,-38.304390429564194,-40.04300232232916,2
45f837c9-6b9e-4eed-ba56-9715b4a0356d,1.0913296465664715,21.334157838188855,0
66941b24-9c8f-4657-a4eb-8cc267e38bdc,-20.45249095663503,-6.282267691265688,2
95305dba-073f-40d7-aa20-66553b41bdf7,15.569457204055896,32.30332548765604,0
0bceb3fb-af69-4427-8ce1-767da4b31c37,27.568356864418064,-28.967253966246286,1
3aedd29b-c089-4319-a7cb-61411a737e92,-0.4785779150492923,20.889948137040623,0
3ef3fd4b-ed5b-41e1-8096-c573cf609bd3,3.5799983978594945,15.300235767794247,0
8997a81b-4046-4c31-91f6-7c1519f1d2ec,-41.7919605860201,-4.423779682703067,2
ad01e71e-ed1f-4de6-81b5-8ef60f7a38d0,-3.426267842108898,-0.6409740797764828,2
ffe82e73-0990-4d3d-a4d1-7d4e169dfdf5,-50.63628252838211,-11.265468336634441,2
27c65ed6-9e9d-4a9d-9b6f-76d2a12f7699,27.37789183595175,-36.65394779179286,1
b9bfdf3b-d23e-433b-892f-1b61e24abdfa,42.68317051579811,44.63470783134352,0
63eff205-4fd4-4148-a596-2f7c17da328f,46.89148152429134,-28.953867987505426,1
0f3b932e-de72-483f-9ef6-74ae972637bd,4.164629455215069,8.568118642166182,0
b7c49a13-6b0f-411a-940e-b35c17818aaa,19.922134550293823,-43.5414051452192,1
be813beb-9b35-4063-9d61-9f49a7fd7706,-22.07811706713661,2.6001568748043558,2
4ac28e68-1f0c-4e95-bdb3-4afc7dcfc34c,-53.49658156961615,0.872154170463113,2
ce098c6d-1b12-48df-bbbb-4f1ea8788942,15.404755082591159,-43.771232311695236,1
3fab2674-2e00-4748-9d33-9e52631cebfd,21.688358788000937,-0.06328757061218135,0
9f5a0552-a0a1-4aa7-a32d-7a1951889cdd,41.17405912719704,29.22832051796101,0
8b0bdebf-7292-4b66-bcf2-fcb0a06c24e3,17.927617213335083,-32.1912215305878,1
676cce88-9f6e-4490-8e73-c0e88bd00075,-36.6332205645105,6.8830738391862125,2
9cb6482e-6f20-4aad-986c-7ccea66b7cc8,18.120849807188936,26.770172722542082,0
05ddce6e-57b0-4b78-9955-7c1b4c564498,19.68330771923457,39.27256439739235,0
caf3d917-623d-4e2a-ac0a-521415385763,-6.0171149001164865,31.96253419032772,0
8d66b5ac-4ceb-40a3-b2b9-4d0c24be01a7,6.0031088838088955,-16.325297815838276,0
7de22a44-8f58-4a73-90a3-a16d161160e8,-5.319139889525479,1.2467735324471674,0
32c15b29-da14-4eb5-8c86-39efc94319df,-0.051103695316655914,20.37701750029343,0
7eb5f037-355b-4a38-b22b-a5e1f41ff1e9,-37.10833471443175,-30.025745754274226,2
240a1e61-5188-4249-b6dd-d6e0d7935d8d,-20.223223587399012,19.776107756752815,2
fd71e0e9-e77a-465b-b118-b1f9665d5797,0.9417237823676129,20.534131725930735,0
4e75f67b-99df-4ad5-a2ca-1877a3d45655,-2.5368252404138136,-3.482110809896668,2
b1e1ae0d-4558-4d30-9b20-79aa40fa5a2a,-7.975277437902591,18.043643760832953,0
a0ea30b4-a6e0-4f46-a0ee-5d552c8b6d68,21.226998757578908,-36.289810530771014,1
5991af25-0b64-43d2-867a-6b9713b17af9,7.11559817122608,-49.7869472555299,1
195d8bd4-352c-4407-9319-797d915c72b8,8.216287526568154,19.069806179251376,0
2b5864c9-7577-4e93-8d22-1f45a98267f1,-6.40124645074522,-52.98497979046649,1
b3ea108e-0ab7-4340-9da9-b7a8bc3b942c,6.994202146911578,-53.26648197098931,1
af83a9af-a11f-4c29-a61f-8f0d2b5868c1,-15.801869732030784,6.889367755018743,2
9b7c81c7-d03c-446c-9d25-8c966058b0e3,17.055507035793823,-36.630829951641076,1
ad502a9c-1f1a-4118-a8f9-2cffb9b0c610,-2.7400613291731806,0.8074496186266773,0
d1adf0be-5afe-4df7-8f88-dbf7521bcdac,14.702988795855797,17.29199243375189,0
790ea932-848f-40cf-ab94-673eea700aa2,30.457005600360116,-19.273703941368606,1
d76cd13a-0481-442a-bfe6-ad322fc3851a,12.621716185237505,-50.781764398780574,1
5cb07e9d-28b8-41bf-bbb5-b8b56cc12cdc,-15.952824561283103,6.246477879002074,2
36998e69-e955-49da-b859-2092caff19cb,-42.2499704939169,1.0114296936184601,2
063a4886-ee4d-43a9-95c1-25a0c0b2d85d,-17.449084151133977,9.191517222812413,2
1880f86a-77c8-4eac-a3e7-a62f5edad8fb,-13.176732096921993,11.641998489577032,2
48c63209-a387-4045-8a24-7b9792db7623,33.40681888003262,30.527929227073116,0
39a75bde-24a0-4d26-8377-df045423f786,39.29318976309983,38.001894251730945,0
8087339c-4fdc-42e4-94ff-299a59ae88a3,17.823523355028303,36.595498554172686,0
1453285a-717a-4ae3-a537-57df2b8e65e2,-1.627830701893,-1.6091349403193724,2
b22d3e38-c370-4719-bea6-3dcbd9590935,-19.24233355427665,-19.836553134384474,2
e26295fd-369b-4cf0-98f3-939293cbe6e4,-8.930904286944179,12.590842837327568,0
ea43014e-5b51-4b3c-b16b-6d58df9f4a1d,56.91692191072241,-6.17515504886006,1
54aca121-5b70-4833-84ac-c7506a57bd02,-53.1696857283422,-14.721400070077378,2
a2b214c2-a5d4-4ce6-b505-e1438027236d,-28.62278273926896,2.9585012144102736,2
2e1410fb-4799-4a85-97e2-0d05c9255977,20.249129885774387,4.293510918458414,0
b0c13073-8725-4707-983c-506fe46205d7,1.3088432108365322,1.4429088665095582,0
e0527b4b-de23-4b9f-8871-13f64f6976cd,36.99071695555259,-25.969349284442245,1
7abc395f-72e4-4835-8aef-aaca2f8a34b0,-20.225759732321343,16.18945078838734,2
7d787768-efb1-462d-b5aa-5cbf6fc543d4,-19.860466810359462,2.333204818270375,2
bb0cccb7-712e-43ad-a3be-cd928a159e0d,-29.888691124048417,-9.11453471716424,2
d4bca8f9-f63e-43bb-ab6b-7529a86afac5,21.880777207699406,4.538210087919154,0
ba6e6579-8858-467a-9d0b-b8df38cd5d62,-27.524331569009448,-34.895928914550645,2
7d736f2b-b73e-4fc1-8d3f-9f350f88171a,30.520217098038785,-32.28534084356969,1
ae8996bd-b0b7-4f9b-91fa-606f95d49f8c,1.9693970582814377,16.375158594474744,0
9de4575c-0d10-4548-8881-fd4a5a46a5ac,-10.182115999771968,-6.275737316958232,2
ca9d1ab5-ea78-46f4-9225-8147639d013c,29.25073864928216,30.151275580173554,0
d826d551-cb0f-4d0e-b21d-a7b0c9010a62,-20.711321998048287,-16.99661864554779,2
6e24acde-7dd0-46b9-b3c5-b0b617912910,9.690236941713728,22.105830490963893,0
e4443a5a-144f-434e-b1e0-3139e1e5ed23,-0.7366887796781553,10.418960059311456,0
f04a6a90-d4d9-4b17-afaa-f97044ff4b6a,-17.600676855366984,0.5884207117385752,2
304b7293-0a76-4028-9a18-58c87c751ceb,-9.539730636342135,10.327055711423055,0
c33e4a5e-f54e-48e0-bcbf-4e019e63a352,-20.145671447734717,-6.707766884393675,2
42ed2e82-e41d-4e2e-8bf3-8dfc324b040f,-6.060049242867109,-14.16436084567574,2
e7c2b898-cd11-42a1-b309-b4de1ab01965,-18.017271856073144,17.731948215795427,2
f9506da9-20a3-4124-a614-eb525787ea45,36.651939019858105,-29.37290929341941,1
b4e60c29-6c4d-49b4-878e-b91e20e17dad,-18.62845258834129,11.3516002404297,2
956570e5-7ed4-4d17-a830-f1bc67a7af15,-13.089182509003054,18.79489731441562,2
d702ead2-f1df-43e1-b1a4-c506902b14df,3.0935844220179525,-3.1646482548465515,0
ea1ff936-0327-419f-b104-008511b8af5d,-5.479764491897858,3.606136582141182,0
34a0c8c5-8086-4f33-9ecb-7518035a4a7f,18.21705878804914,32.1502891171964,0
69118aea-1784-49a0-9932-082f87fdec62,23.015341564452346,23.019170128565683,0
ac792e04-54f4-4c6c-9cb5-23a7c1a4ed0b,-3.9898193493852574,-35.82307205299586,1
9fb65d01-d51d-4cbb-99f3-a09f5d6c206b,-15.9492812910798,-11.072535406306935,2
61d00f8c-f198-4181-82bd-99b063dfffc6,29.402897140936265,-28.500629524391307,1
b2bcfd01-9662-4730-96de-1e51b4038802,-39.80476712366422,-17.789952264762263,2
95e450bd-ff88-4498-9418-e09883c94988,-26.639134200350746,8.95743677146347,2
4937e136-52e6-4c33-9f53-36ce2a94c09e,8.520127598296517,-43.6310438233053,1
aae81240-6757-42b9-8dce-9936f8574f19,-28.100698416649774,8.59114591364251,2
87506e5d-4ebe-4f0c-a124-ea0add72d2ac,-31.06311230754792,-8.355090176066005,2
56f3a401-cf18-4d25-b4af-6bacca469041,-20.824509587650375,-1.4809608017060267,2
7faebca5-c36a-4a24-b785-5e673cf5a0ed,-22.332695038617647,4.982362269910375,2
57730033-1db5-4e48-81ff-b6ee4f3c0ab4,-23.53172556169164,15.347491145359319,2
774f5688-bad0-4a78-b26a-7aceb353e603,-40.896682287247906,-13.751116140440102,2
75e67bb5-098c-4b48-8f5d-badc72dc4c47,3.262761625686534,42.21944682985857,0
68bf0c2e-f2ad-48f3-b29d-b2a3c5d1c568,-26.777611791264718,-0.4319986356374758,2
7d746ed3-9bfa-4f66-9c5a-594284ecd811,-23.446654611233246,-3.937102151894067,2
9eb69ff7-492b-4ed3-8762-c25c3dffa1fe,31.62184537799855,-42.91062945978337,1
d898e588-a74d-435c-b930-b96c266ff580,33.75071055940469,-45.299678526146806,1
f13d5df0-7293-4453-942f-2b49a3d33057,17.945497896581024,17.44063225573427,0
5a1c17e7-53a2-472a-b4de-8f60522a8c6e,-0.017662987223596965,27.29966179984785,0
0c80ffec-6290-4b81-9dba-cb64d142b8a8,5.7706877676971144,24.3147155159092,0
158ab1d9-8925-4a05-95da-b2e0ca297474,15.948035616096236,26.477865727218447,0
35da5f48-1c64-488b-8330-01e5fcbd9801,-54.76919849097094,-23.298886358037915,2
1075d95f-6d27-42e1-a67a-73d5247c8a68,-12.567355711044398,-5.523577657597107,2
3574e83f-a983-425b-9082-63d5a32c01d6,-58.13539603985509,-13.731468876466009,2
8b5be676-9118-4038-9d54-6b80b14e43dc,13.513927070584634,10.147987392936715,0
ce9d6d3a-9ab8-4586-a587-3d4bf00445a5,16.1276340485561,23.326701673174917,0
387e08dc-a77e-4dd7-939c-1e6f515e692d,20.127650490188472,32.93275850510156,0
38387a4f-c65d-4075-8133-fdf259e919ed,-16.94423488057865,-9.981569189593571,2
dc76c717-eaa0-49d7-a228-2fce7a536e42,52.53121426746044,-22.557233125819682,1
61348250-68d8-4cef-b6f9-68a68d35508f,-28.355246975897835,-10.51065235271935,2
bae57be0-48af-438d-88fa-cbaaf16b3d33,3.447489452930308,-23.418186909154922,1
f5b3a6d0-3b56-4ad2-b520-8bcaadb6bd0e,0.2977857977516094,11.190638504012691,0
7b3d0a19-0cbc-4e8a-be16-76693e100e4c,0.48254177468322135,33.366472036074995,0
a3624554-07c8-41d7-9b6b-f4cbf9de9301,-10.97347734376911,18.195990959392812,0
1a3dcc95-64bf-4886-9807-9511b24f30af,16.765119645980587,39.87380293290598,0
4b42e241-a674-4d6c-b217-dcea51e6cc4f,-9.976608037246084,16.39544519985724,0
e7e4c883-af18-41bf-9383-e5b9f354bc8d,26.021257993868023,-40.30031786897044,1
c5bb9834-a08f-4729-9aec-22f9a2816184,14.485970657484888,27.001112435580893,0
5ea12b9b-56ac-4d0c-8761-bf172b2f23e0,38.73422208855009,-29.229947381050135,1
081b4937-85e7-44b3-9124-a612f4f2e0ca,23.427444784366305,0.9692860643112393,0
99f6995f-acee-4d0d-889f-91b0631d15fe,-34.96114349001611,-15.831371516060006,2
8a27980e-a506-4cb3-91f2-3f0e5a19acfe,40.27745123995306,-33.9955829364699,1
8c147a31-a1be-4464-9606-12b14fbdf8d3,0.5054724197353296,18.87105224480384,0
13cc2a80-d6fe-49ff-9868-c9eac6df3c5e,-53.21021279086695,-12.804105457637627,2
02bbe1b1-44ff-426b-a40e-47a01bc4cf7d,50.91880594596124,-14.55278736180921,1
0c13d041-ca8d-48cc-ba02-3b7889e5367c,-8.467398926872217,17.50936121798162,0
fb120cb4-2cee-4848-a60e-6c1fba723dc9,-69.56992855242143,-20.209109542090584,2
2cfbc50e-e38d-41ad-8809-a3ed9685ddf1,-25.648147626207155,-22.58840583276031,2
3ee530ee-274d-44de-9793-a75433ddf938,13.894488813671027,16.725393156138914,0
cff71f50-9056-40dd-b358-0de3e079cad0,10.294241772408425,24.97994681113452,0
8f08cee9-a91f-4305-bf8d-efeee9cd386c,31.227754050331075,28.862701056710584,0
c98940e5-aff4-4eec-9cd7-708584356a5f,-65.58476807796161,-26.082331042693767,2
6cc59c3f-0de5-4232-ab7a-7195a92e7d89,16.961653962855472,10.103208576976764,0
0f669396-2dc4-4305-aa35-c6fbd82ee7df,-23.316247715763645,10.135446254468137,2
a31cd337-8f1a-451d-9b90-b722590d3105,18.212454556113883,9.740158918392362,0
28f1b708-bd3c-4ae7-935f-3282f75304a7,-1.6648647783398836,3.594263617877988,0
8bf23a6b-8ca6-4fcf-b4e9-a14c3a875526,4.504837537585284,-43.890066395762844,1
bc1ed706-3abf-407c-9133-18169a4cf0e2,23.376449552290286,36.188995814305144,0
535047b2-35b4-4e31-8761-f38cf1f57441,-19.277704501108705,-27.251633805429407,2
9dffaff8-a482-4940-b53a-527e5a510740,8.445316424644663,2.536400560244597,0
d38b6aba-7bfd-43f0-98f7-f669323e6da1,2.055858492591745,7.804221693389989,0
8a7a2dda-c92e-425c-9c18-5f50aaeba203,24.521062043038437,-36.335757459597474,1
f518ad50-78d8-4b0f-a6b0-07bad20462ce,3.0154212822315634,7.0330161959359065,0
d24c2f4f-5623-4d8e-99e6-96b4fee2591c,-16.753872853438512,14.649578674772348,2
ef2a6bd9-fe3b-4b67-942c-89f3a34813ad,-36.283483219410286,0.29937296505080285,2
5e36c4a2-fc6b-418f-80ab-dbd95b26a39e,-3.3851436513459072,6.22551808419195,0
2e41a573-7a9d-4f96-873f-48aa12b3ab96,-18.429978913671217,-28.924016832161065,2
d12c28eb-32c5-4523-af42-9ad130014a40,5.3358959430041155,27.55097138932036,0
f48956a3-c821-429f-b1ad-a27133d739bd,34.772431836222,-15.015936276957023,1
73729b89-4802-4780-9e7f-cb160a04bb17,-32.28646396071804,-32.043116105134644,2
783adea2-f11b-46ca-9cdc-f06823db5afc,-28.442929799524357,-12.567001863211566,2
3f4afc9c-562a-4ef4-a6cb-ff426357a614,-1.8922362188243058,9.510417862515013,0
e4e983eb-2aa3-4858-b67f-9cc70452768c,33.46060123450566,-9.918100588496275,1
5d96c14c-7c43-40a1-ba9a-b482a0ad00ee,2.6943298305733467,18.683224464487676,0
f1060adb-bee8-41f6-8997-2926d8967f33,-13.48524286158046,1.3959063455268768,2
f9203ebe-d6c3-423b-ad65-28db38612f89,18.554905886494463,30.058764390900052,0
e4559121-091f-41f2-9559-2abb1bbfd229,0.9428440016672852,11.19946102335664,0
bf2a1913-2806-4b97-bcc6-e7038b900e15,-31.921313777515124,-15.082937386348377,2
20ef7196-2274-44e1-a105-0761f80c893c,-9.601978392783785,7.056328578073374,2
9440b088-b04e-4417-9543-5001b0a2b217,38.1357892695029,-34.23742677627723,1
6542e1dd-afee-40e9-a16e-aa9a448963b3,2.8984617609609997,12.565424886693418,0
e96b0282-8ff5-4390-9466-119534a50628,-6.233723005222325,22.212977425962137,0
d078b2ae-790a-4220-98a0-18d311996ed5,-13.287781378526567,1.5908626384062428,2
